name,start_date,county,acres,containment,year
Grant Fire,12/30/2013,Santa Clara,40,100%,2013
Refuse Fire,12/30/2013,Mendocino,15,100%,2013
Pfeiffer Fire,12/15/2013,Monterey,917,100%,2013
Happy Camp Fire,12/9/2013,Ventura,44,100%,2013
Dam Fire,11/23/2013,Lake,23,100%,2013
Bruner Fire,11/23/2013,Lake,50,100%,2013
Retek Fire,11/22/2013,Mendocino,82,100%,2013
McCabe Fire,11/21/2013,Sonoma,"3,505",100%,2013
Silverado Fire,11/21/2013,Napa,190,100%,2013
Wheeler Fire,11/14/2013,Ventura,64,100%,2013
Cantwell Fire,11/8/2013,Lake,120,100%,2013
Toro Fire,11/8/2013,San Luis Obispo,51,100%,2013
Dersch Fire,11/7/2013,Shasta,33,100%,2013
Capay Fire,11/4/2013,Yolo,163,100%,2013
Baker Fire,10/6/2013,Orange,40,100%,2013
DeLuz Fire,10/5/2013,San Diego,"2,236",100%,2013
Summit Fire,10/4/2013,Butte,305,100%,2013
Crane Fire,10/4/2013,Sonoma,159,100%,2013
Highland Fire,10/4/2013,Alameda,150,100%,2013
Putah Fire,10/3/2013,Napa,376,100%,2013
Highland Fire,9/28/2013,Mendocino,98,100%,2013
Valley Fire,9/26/2013,San Diego,40,100%,2013
Sierra Fire,9/24/2013,San Bernardino,200,100%,2013
Creek Fire,9/23/2013,San Luis Obispo,94,100%,2013
Madre Fire,9/23/2013,Los Angeles,268,100%,2013
Lakeshore Fire,9/15/2013,Lake,30,100%,2013
Tehama Fire,9/15/2013,Tehama,75,100%,2013
Liveoak Fire,9/11/2013,San Bernardino,73,100%,2013
Lyon Fire,9/9/2013,San Diego,263,100%,2013
Clover Fire,9/9/2013,Shasta,"8,073",100%,2013
Morgan Fire,9/8/2013,Contra Costa,"3,111",100%,2013
Angora Fire,9/8/2013,Tulare,134,100%,2013
Rail Fire,9/7/2013,Modoc,68,100%,2013
Chestnut Fire,9/7/2013,San Mateo,41,100%,2013
Davis Creek Complex,9/5/2013,Modoc,97,100%,2013
Centerville Fire,8/31/2013,Butte,80,100%,2013
Tyler Fire,8/31/2013,Nevada,52,100%,2013
Little Fire,8/24/2013,San Bernardino,97,100%,2013
Empire Fire,8/24/2013,El Dorado,38,100%,2013
Fish Fire,8/24/2013,Tulare,"2,060",100%,2013
Deer Fire,8/23/2013,Tehama,"11,429",100%,2013
Gobblers Fire,8/20/2013,San Bernardino,413,100%,2013
Burney Lightning Series (Warner Fire),8/19/2013,Shasta,196,100%,2013
Shirley Fire,8/18/2013,Kern,794,100%,2013
Plumas Lightning Complex (Hough),8/18/2013,Plumas,513,100%,2013
Cleghorn Fire,8/17/2013,San Bernardino,110,100%,2013
Rim Fire,8/17/2013,Tuolumne,"257,314",100%,2013
Bridges Fire,8/17/2013,Calaveras,46,100%,2013
Double Fire,8/16/2013,Lake,70,100%,2013
Swedes Fire,8/16/2013,Butte,"2,462",100%,2013
Union Fire,8/16/2013,El Dorado,116,100%,2013
Pierce Fire,8/16/2013,Riverside,40,100%,2013
Cottonwood Fire,8/15/2013,Siskiyou,50,100%,2013
Cloverdale Fire,8/14/2013,Shasta,27,100%,2013
American Fire,8/10/2013,Placer,"27,440",100%,2013
Corral Complex,8/10/2013,Humboldt,"12,503",100%,2013
Bee Fire,8/9/2013,Los Angeles,100,100%,2013
Coyote Fire,8/9/2013,Lassen,97,100%,2013
Sharp Fire,8/8/2013,San Bernardino,243,100%,2013
Silver Fire,8/7/2013,Riverside,"20,292",100%,2013
Indian Fire,8/7/2013,Lake,38,100%,2013
Tram Fire,8/6/2013,Riverside,60,100%,2013
Falls Fire,8/5/2013,Riverside,"1,383",100%,2013
Power Fire,8/4/2013,Tuolumne,"1,070",100%,2013
Honey Fire,8/4/2013,Shasta,34,100%,2013
Relay Fire,8/4/2013,Riverside,60,100%,2013
Orleans Complex,8/3/2013,Humboldt,,100%,2013
Branch Fire,8/1/2013,Butte,92,100%,2013
Salmon River Complex,7/31/2013,Siskiyou,"14,754",100%,2013
Trout Fire,7/31/2013,Siskiyou,40,100%,2013
Flume Fire,7/28/2013,San Diego,25,100%,2013
Lakeville Fire,7/26/2013,Sonoma,158,100%,2013
Silverwood Fire,7/25/2013,San Bernardino,75,100%,2013
Pratt Fire,7/23/2013,Mendocino,45,100%,2013
Water Fire,7/23/2013,Kern,612,100%,2013
Aspen Fire,7/22/2013,Fresno,"22,992",100%,2013
Chuckwagon Fire,7/22/2013,Calaveras,31,100%,2013
Gilman Fire,7/19/2013,Riverside,15,100%,2013
Heacock Fire,7/19/2013,Riverside,40,100%,2013
50 Fire,7/19/2013,El Dorado and Sacramento,163,100%,2013
Paskenta Fire,7/19/2013,Tehama,195,100%,2013
Rancho Fire,7/19/2013,Kern,712,100%,2013
Tassajara Fire,7/17/2013,Monterey,213,100%,2013
Redlands Fire,7/16/2013,Riverside,150,100%,2013
Mountain Fire,7/15/2013,Riverside,"27,531",100%,2013
Diablo Fire,7/12/2013,Stanislaus,150,100%,2013
Uvas Fire,7/12/2013,Santa Clara,50,100%,2013
Fiddler Fire,7/9/2013,Shasta,43,100%,2013
Kyburz Fire,7/8/2013,El Dorado,572,100%,2013
McGanney Fire,7/8/2013,Yuba,73,100%,2013
Adelaida Fire,7/7/2013,San Luis Obispo,85,100%,2013
Fallon Fire,7/6/2013,Alameda,38,100%,2013
Chariot Fire,7/6/2013,San Diego,"7,055",100%,2013
Grant Fire,7/4/2013,Alameda,50,100%,2013
Vina Fire,7/4/2013,Tehama,200,100%,2013
Fox Fire (formally 3-7 Fire),7/3/2013,Modoc,502,100%,2013
Northern Region July Lightning,7/2/2013,,754,100%,2013
Concord Fire,7/1/2013,Contra Costa,274,100%,2013
Kirker Fire,7/1/2013,Contra Costa,492,100%,2013
Freeman Fire,6/29/2013,Monterey,105,100%,2013
Mills Fire,6/28/2013,San Bernardino,534,100%,2013
George Fire,6/25/2013,Fresno,150,100%,2013
Mount Fire,6/20/2013,Lake,25,100%,2013
California Fire,6/18/2013,Solano,124,100%,2013
Sierra Fire,6/17/2013,Fresno,46,100%,2013
Rolling Fire,6/16/2013,Madera,482,100%,2013
Carstens Fire,6/16/2013,Mariposa,"1,708",100%,2013
Palmyrita Fire,6/14/2013,Riverside,40,100%,2013
Michelle Fire,6/13/2013,Fresno,35,100%,2013
Clinton Fire,6/13/2013,Fresno,108,100%,2013
PFE Fire,6/13/2013,Placer,237,100%,2013
Roadrunner Fire,6/12/2013,Amador,96,100%,2013
Revis Fire,6/12/2013,Madera,75,100%,2013
Daves Fire,6/12/2013,Glenn,226,100%,2013
Northern California Lightning Activity,6/9/2013,,60,100%,2013
Sonoma-Lake-Napa Unit Lightning Fires,6/9/2013,"Sonoma, Solano, Lake and Colusa",28,100%,2013
Hathaway Fire,6/9/2013,Riverside,,100%,2013
Viper Fire,6/8/2013,Riverside,42,100%,2013
Vasco Fire,6/8/2013,Alameda,240,100%,2013
Lake Fire,6/5/2013,Lake,30,100%,2013
152 Fire,6/4/2013,Merced,124,100%,2013
Lone Fire,6/3/2013,Butte,298,100%,2013
Murphy Fire,6/2/2013,Tuolumne,100,100%,2013
Branch Fire,6/1/2013,San Luis Obispo,500,100%,2013
Powerhouse Fire,5/30/2013,Los Angeles,"30,274",100%,2013
Shelton Fire,5/30/2013,San Joaquin,303,100%,2013
Olive Fire,5/28/2013,Santa Barbara,170,100%,2013
Magic Fire,5/28/2013,Los Angeles,149,100%,2013
White Fire,5/27/2013,Santa Barbara,"1,984",100%,2013
General Fire,5/26/2013,San Diego,"1,271",100%,2013
Homestead Fire,5/25/2013,San Luis Obispo,50,100%,2013
Smiley Fire,5/25/2013,Riverside,124,100%,2013
San Felipe Fire,5/23/2013,San Diego,"2,781",100%,2013
Border Fire,5/22/2013,San Diego,100,100%,2013
Neal Fire,5/21/2013,Butte,150,100%,2013
Water Fire,5/21/2013,Riverside,90,100%,2013
Cottontail Fire,5/20/2013,San Luis Obispo,35,100%,2013
Cherry Fire,5/20/2013,Riverside,25,100%,2013
Lilly 2 Fire,5/19/2013,Madera,91,100%,2013
Lake Fire,5/17/2013,Los Angeles,712,100%,2013
54 Fire,5/16/2013,Riverside,40,100%,2013
Grand Fire,5/15/2013,Kern and Ventura,"4,346",100%,2013
Lytle Fire,5/13/2013,San Bernardino,75,100%,2013
Ranger Fire,5/12/2013,Madera,15,100%,2013
Gorgonio Fire,5/4/2013,Riverside,510,100%,2013
Tres Pinos Fire,5/3/2013,San Benito,354,100%,2013
Springs Fire,5/2/2013,Ventura,"24,251",100%,2013
306 Fire,5/1/2013,Glenn,217,100%,2013
Summit Fire,5/1/2013,Riverside,"3,166",100%,2013
Panther Fire,5/1/2013,Tehama,"6,965",100%,2013
Cedar Fire,4/30/2013,Butte,72,100%,2013
Yellow Fire,4/30/2013,Sonoma,125,100%,2013
Silverado Fire,4/30/2013,Napa,75,100%,2013
Gold Fire,4/30/2013,Madera,274,100%,2013
Fawnskin Fire,4/20/2013,San Bernardino,30,100%,2013
Butte Fire,4/9/2013,Fresno,80,100%,2013
Jurupa Fire,2/28/2013,Riverside,311,100%,2013
River Fire,2/24/2013,Inyo,406,100%,2013
Becks Fire,1/22/2013,Lake,296,100%,2013
Bane Fire,10/16/2014,San Bernardino,48,100%,2014
Applegate Fire,10/8/2014,Placer,459,100%,2014
Dog Rock Fire,10/7/2014,Mariposa,311,100%,2014
Foothill Fire,9/29/2014,Ventura,25,100%,2014
Cascade Fire,9/25/2014,El Dorado,20,100%,2014
Nelson Fire,9/21/2014,Mendocino,62,100%,2014
June Fire,9/16/2014,Inyo,65,100%,2014
Boles Fire,9/15/2014,Siskiyou,516,100%,2014
Courtney Fire,9/14/2014,Madera,320,100%,2014
Irene Fire,9/14/2014,El Dorado,94,100%,2014
King Fire,9/13/2014,El Dorado,"97,717",100%,2014
Black Fire,9/13/2014,Mendocino,403,100%,2014
Dog Bar Fire,9/13/2014,Nevada,247,100%,2014
Bald Hill 3 Fire,9/12/2014,Humboldt,210,100%,2014
Silverado Fire,9/12/2014,Orange,968,100%,2014
Stage Coach Fire,9/11/2014,Napa,27,100%,2014
Gulch Fire,9/9/2014,Shasta,"1,375",100%,2014
Montgomery Fire,9/7/2014,Mariposa,79,100%,2014
Bridge Fire,9/5/2014,Mariposa,300,100%,2014
Jackson Fire,9/4/2014,Tuolumne,70,100%,2014
Saratoga Fire,9/3/2014,Lake,100,100%,2014
Interstate Fire,9/1/2014,Riverside,100,100%,2014
Leopard Fire,8/29/2014,Shasta,25,100%,2014
Casa Fire,8/28/2014,Santa Clara,80,100%,2014
Pines Fire,8/26/2014,Madera,10,100%,2014
Oregon Fire,8/24/2014,Trinity,580,100%,2014
South Napa Earthquake,8/23/2014,Napa,6,100%,2014
Way Fire,8/18/2014,Kern,"4,045",100%,2014
Junction Fire,8/18/2014,Madera,612,100%,2014
Boca Fire,8/18/2014,Nevada,84,100%,2014
Tecolote Fire,8/17/2014,Los Angeles,274,100%,2014
Border Fire,8/16/2014,San Diego,20,100%,2014
Meadow Fire,8/15/2014,Mariposa,"4,772",100%,2014
Shoemaker Fire,8/14/2014,Los Angeles,190,100%,2014
Little Fire,8/12/2014,Modoc,101,100%,2014
Happy Camp Complex,8/11/2014,Siskiyou,,100%,2014
July Complex,8/2/2014,Siskiyou,"50,042",100%,2014
McClellan Fire,8/1/2014,Humboldt,37,100%,2014
Eiler Fire,7/31/2014,Shasta,"32,416",100%,2014
Little Deer Fire,7/31/2014,Siskiyou,"5,503",100%,2014
Oregon Gulch Fire (part of the Beaver Complex),7/30/2014,Siskiyou,"35,302",100%,2014
Coffee Fire,7/30/2014,Shasta,"6,258",100%,2014
Bald Fire,7/30/2014,Shasta,"39,736",100%,2014
Day Fire,7/30/2014,Modoc,"13,153",100%,2014
Lodge Lightning Complex,7/29/2014,Mendocino,"12,536",100%,2014
Beaver Fire,7/29/2014,Siskiyou,"32,496",100%,2014
Siskiyou County Lightning Fires,7/29/2014,Siskiyou,30,100%,2014
Web Fire,7/28/2014,Butte,389,100%,2014
French Fire,7/27/2014,Madera,"13,838",100%,2014
El Portal Fire,7/26/2014,Mariposa,"4,689",100%,2014
Sand Fire,7/25/2014,Amador and El Dorado,"4,240",100%,2014
Gun Club Fire,7/24/2014,Merced,300,100%,2014
Sabina Fire,7/23/2014,Riverside,78,100%,2014
Iowa Fire,7/21/2014,Placer,14,100%,2014
Dark Hole Fire,7/16/2014,Mariposa,"1,080",100%,2014
Wildlife Fire,7/14/2014,Butte,72,100%,2014
Marsh Fire,7/11/2014,Contra Costa,80,100%,2014
Bully Fire,7/11/2014,Shasta,"12,661",100%,2014
Nicolls Fire,7/11/2014,Kern,"1,680",100%,2014
Bible Fire,7/9/2014,El Dorado,30,100%,2014
Dry Fire,7/9/2014,Shasta,143,100%,2014
Hutto Fire,7/7/2014,Nevada,38,100%,2014
Interlake Fire,7/7/2014,San Luis Obispo,47,100%,2014
Cassel Fire,7/5/2014,Shasta,75,100%,2014
Monticello Fire,7/4/2014,Yolo,"6,488",100%,2014
Gulch Fire,7/3/2014,Modoc,"1,469",100%,2014
Banner Fire,7/3/2014,San Diego,217,100%,2014
Modoc Lightning Complex,7/1/2014,Modoc,"1,651",100%,2014
Ranch Fire,7/1/2014,Kern,70,100%,2014
Butts Fire,7/1/2014,Napa and Lake,"4,300",100%,2014
West Fire,6/30/2014,Trinity,15,100%,2014
Curie Fire,6/30/2014,Santa Clara,125,100%,2014
Oak Fire,6/22/2014,Calaveras,85,100%,2014
Reed Fire,6/20/2014,Calaveras,120,100%,2014
Stoney Fire,6/19/2014,Monterey,"4,840",100%,2014
Shirley Fire,6/13/2014,Kern,"3,895",100%,2014
Tehama Fire,6/13/2014,Tehama,225,100%,2014
Norman Fire,6/12/2014,Solano,70,100%,2014
Hall Fire,6/11/2014,Fresno,25,100%,2014
Haigh Fire,6/10/2014,Mariposa,130,100%,2014
Morgan Fire,6/9/2014,Fresno,40,100%,2014
Bogart Fire,6/6/2014,Riverside,31,100%,2014
Valley Fire,6/6/2014,Mariposa,90,100%,2014
Hetch Hetchy Fire,6/5/2014,Tuolumne,269,100%,2014
Santa Fire,6/4/2014,Riverside,14,100%,2014
59 Fire,6/4/2014,Tuolumne,487,100%,2014
Lake Fire,5/27/2014,Stanislaus,37,100%,2014
Hunters Fire,5/26/2014,Mariposa,677,100%,2014
Indian Fire,5/25/2014,Lake,175,100%,2014
San Mateo Fire,5/16/2014,San Diego,"1,457",100%,2014
Pulgas Fire,5/15/2014,San Diego,"14,416",100%,2014
Freeway Fire,5/14/2014,San Diego,56,100%,2014
Cocos Fire,5/14/2014,San Diego,"1,995",100%,2014
Fiddler Fire,5/14/2014,Shasta,50,100%,2014
Highway Fire,5/14/2014,San Diego,380,100%,2014
River Fire,5/14/2014,San Diego,105,100%,2014
Poinsettia Fire,5/14/2014,San Diego,600,100%,2014
Tomahawk Fire,5/14/2014,San Diego,"5,367",100%,2014
Miguelito Fire,5/13/2014,Santa Barbara,632,100%,2014
Bernardo Fire,5/13/2014,San Diego,"1,548",100%,2014
Jacumba Fire,5/5/2014,San Diego,29,100%,2014
San Lucas Fire,4/30/2014,Monterey,75,100%,2014
Etiwanda Fire,4/30/2014,San Bernardino,"2,143",100%,2014
Bridges Fire,4/19/2014,Inyo,113,100%,2014
Van Buren Fire,3/28/2014,Riverside,57,100%,2014
Encinal Fire,3/19/2014,Monterey,400,100%,2014
Pierce Fire,3/15/2014,Riverside,350,100%,2014
Gun Fire,3/8/2014,San Diego,125,100%,2014
Lake Fire,1/24/2014,Fresno,106,100%,2014
Brewer Fire,1/22/2014,Placer,120,100%,2014
Colby Fire,1/15/2014,Los Angeles,"1,952",100%,2014
Red Fire,1/4/2014,Humboldt,333,100%,2014
Bridge Fire,1/3/2014,Humboldt,18,100%,2014
Campbell Fire,1/2/2014,Tehama,865,100%,2014
Honcut Fire,1/1/2014,Butte,60,100%,2014
Solimar Fire,12/25/2015,,"1,388",100%,2015
Banister Fire,11/11/2015,Ventura,29,100%,2015
Potrero Fire,11/6/2015,Ventura,50,100%,2015
Gibraltar Fire,10/28/2015,Santa Barbara,21,100%,2015
Cienega Fire,10/12/2015,San Benito,670,100%,2015
Military Fire,10/10/2015,Siskiyou,58,100%,2015
King Fire,10/9/2015,,36,100%,2015
Meridian Fire,10/3/2015,Butte,860,100%,2015
Munjar Fire,10/2/2015,Butte,104,100%,2015
McCourtney Fire,9/22/2015,Nevada,30,100%,2015
Laureles Fire,9/19/2015,Monterey,95,100%,2015
Tassajara Fire,9/19/2015,Monterey,"1,086",100%,2015
Valley Fire,9/12/2015,,"76,067",100%,2015
Walker Fire,9/11/2015,Shasta,109,100%,2015
Lumpkin Fire,9/11/2015,Butte,"1,042",100%,2015
Pacheco Fire,9/9/2015,Santa Clara,215,100%,2015
Creek Fire,9/9/2015,Fresno,170,100%,2015
Butte Fire,9/9/2015,,"70,868",100%,2015
Center Fire,9/9/2015,Lassen,40,100%,2015
Antelope Fire,9/9/2015,Kern,45,100%,2015
Browns Fire,9/8/2015,Trinity,35,100%,2015
Oak Fire,9/8/2015,Tuolumne,108,100%,2015
Tenaya Fire,9/7/2015,Mariposa,415,100%,2015
Apple Fire,9/3/2015,Sacramento,110,100%,2015
Elk Fire,9/2/2015,Lake,673,100%,2015
Olive Fire,9/2/2015,Butte,72,100%,2015
Kramer Fire,8/29/2015,Lassen,30,100%,2015
Democrat Fire,8/25/2015,Trinity,128,100%,2015
Grade Fire,8/24/2015,Lake,22,100%,2015
Summit Fire,8/23/2015,San Bernardino,55,100%,2015
Peterson Fire,8/22/2015,Lake,215,100%,2015
Prairie Fire,8/20/2015,Siskiyou,69,100%,2015
Flat Fire,8/20/2015,Kern,167,100%,2015
Tesla Fire,8/19/2015,Alameda,"2,700",100%,2015
Horse Fire,8/18/2015,Humboldt,146,100%,2015
Cuesta Fire,8/16/2015,San Luis Obispo,"2,446",100%,2015
Warm Fire,8/16/2015,Los Angeles,300,100%,2015
Lincoln Fire,8/16/2015,Los Angeles,374,100%,2015
Tulloch Fire,8/15/2015,Tuolumne,112,100%,2015
Walker Fire,8/14/2015,Mono,"3,676",100%,2015
Rustic Fire,8/14/2015,Ventura,186,100%,2015
Mark Fire,8/13/2015,Calaveras,114,100%,2015
Horno Fire,8/13/2015,San Diego,"1,850",100%,2015
Anza Fire,8/10/2015,Riverside,543,100%,2015
Jerusalem Fire,8/9/2015,Lake and Napa,"25,118",100%,2015
De Luz Fire,8/9/2015,San Diego,55,100%,2015
36 Fire,8/8/2015,Tehama,110,100%,2015
Francis Fire,8/3/2015,Yuba,30,100%,2015
Point Fire,8/3/2015,Shasta,59,100%,2015
Dodge Fire,8/3/2015,Lassen,"10,570",100%,2015
Chorro Fire,8/2/2015,Ventura,282,100%,2015
Fern Fire,8/1/2015,Shasta,75,100%,2015
Nickowitz Fire,8/1/2015,Del Norte,"7,509",100%,2015
White Fire,8/1/2015,Santa Barbara,52,100%,2015
Scales Fire,8/1/2015,San Bernardino,65,100%,2015
Creek Fire,7/31/2015,Merced,"1,450",100%,2015
Gasquet Complex,7/31/2015,Del Norte,"30,361",100%,2015
Rough Fire,7/31/2015,Fresno,"151,623",100%,2015
River Complex,7/30/2015,Trinity,"77,081",100%,2015
Fork Complex,7/30/2015,Trinity,"36,503",100%,2015
Frog Fire,7/30/2015,Modoc,"4,863",100%,2015
Humboldt Lightning Fires,7/30/2015,Humboldt,"4,883",100%,2015
South Complex,7/30/2015,Trinity,"29,416",100%,2015
Mad River Complex,7/30/2015,Trinity,,100%,2015
Mendocino National Forest Lightning Complex,7/30/2015,Mendocino,227,100%,2015
Mendocino Lightning Fires,7/30/2015,Mendocino,50,100%,2015
Sprig Fire,7/30/2015,Shasta,90,100%,2015
Advance Fire,7/30/2015,Tulare,86,100%,2015
Vasco Fire,7/30/2015,Contra Costa,195,100%,2015
China Fire,7/29/2015,Shasta,212,100%,2015
Big Creek Fire,7/29/2015,Tuolumne,204,100%,2015
Mallard Fire,7/29/2015,Shasta,75,100%,2015
Rocky Fire,7/29/2015,Lake,"69,438",100%,2015
Swedes Fire,7/29/2015,Butte,400,100%,2015
Buck Fire,7/28/2015,Humboldt,16,100%,2015
Sullivan Fire,7/28/2015,Stanislaus,40,100%,2015
Lowell Fire,7/25/2015,Nevada,"2,304",100%,2015
Willow Fire,7/25/2015,Madera,"5,702",100%,2015
Queen Fire,7/24/2015,Humboldt,158,100%,2015
Cutca Fire,7/24/2015,San Diego,167,100%,2015
Park Fire,7/24/2015,San Diego,25,100%,2015
3-12 Fire,7/23/2015,Modoc,77,100%,2015
3-11 Fire,7/23/2015,Modoc,116,100%,2015
Kyburz Fire,7/23/2015,El Dorado,75,100%,2015
Baxter Fire,7/22/2015,Placer,26,100%,2015
Wragg Fire,7/22/2015,,"8,051",100%,2015
Dorris Fire,7/21/2015,Siskiyou,24,100%,2015
Triple Fire,7/21/2015,Tulare,430,100%,2015
Betabel Fire,7/20/2015,San Benito,25,100%,2015
Cabin Fire,7/19/2015,Tulare,"6,980",100%,2015
McCabe Fire,7/18/2015,Merced,"1,333",100%,2015
Kerkhoff Fire,7/18/2015,Fresno,60,100%,2015
Pines Fire,7/17/2015,Los Angeles,200,100%,2015
North Fire,7/17/2015,San Bernardino,"4,250",100%,2015
Adventure Fire,7/16/2015,,100,100%,2015
Lake Fire,7/16/2015,San Diego,25,100%,2015
Cooley Fire,7/13/2015,Siskiyou,181,100%,2015
241 Fire,7/13/2015,Orange,214,100%,2015
Mill 2 Fire,7/12/2015,San Bernardino,54,100%,2015
Spider Fire,7/12/2015,Riverside,21,100%,2015
Ascot Fire,7/10/2015,Solano,40,100%,2015
Deer Fire,7/10/2015,San Luis Obispo,95,100%,2015
Mason Fire,7/9/2015,Modoc,43,100%,2015
Keswick Fire,7/7/2015,Shasta,18,100%,2015
Sky Fire,7/6/2015,Solano,150,100%,2015
Black Fire,7/4/2015,Tehama,170,100%,2015
Soda Fire,7/4/2015,Mendocino,23,100%,2015
Ranch Fire,7/3/2015,El Dorado,35,100%,2015
Buckaroo Fire,7/2/2015,El Dorado,25,100%,2015
Geary Fire,7/1/2015,Alameda,45,100%,2015
Ione Fire,7/1/2015,Amador,355,100%,2015
Merwin Fire,7/1/2015,Riverside,150,100%,2015
Webb Fire,7/1/2015,Butte,75,100%,2015
Shinn Fire,6/30/2015,Lassen,111,100%,2015
Highway Fire,6/30/2015,Santa Clara,42,100%,2015
Mesa Fire,6/29/2015,Santa Barbara,211,100%,2015
Covelo Fire,6/28/2015,Mendocino,35,100%,2015
Pleasure Fire,6/27/2015,Napa,19,100%,2015
Otay Fire,6/26/2015,San Diego,80,100%,2015
Sterling Fire,6/25/2015,San Bernardino,100,100%,2015
Tesla Fire,6/25/2015,Alameda,53,100%,2015
Loma Fire,6/24/2015,,533,100%,2015
Calgrove Fire,6/24/2015,Los Angeles,415,100%,2015
River Fire,6/22/2015,Ventura,164,100%,2015
Red Fire,6/21/2015,Madera,135,100%,2015
Park Hill Fire,6/20/2015,San Luis Obispo,"1,791",100%,2015
Washington Fire,6/19/2015,Alpine,,100%,2015
Dixie Fire,6/19/2015,Lassen,60,100%,2015
Corrine Fire,6/18/2015,Madera,920,100%,2015
Sky Fire,6/18/2015,Madera,500,100%,2015
Grapefruit Fire,6/18/2015,Riverside,60,100%,2015
Collier Fire,6/18/2015,San Joaquin,122,100%,2015
Cook Fire,6/18/2015,Yuba,158,100%,2015
Triangle Fire,6/18/2015,Mariposa,60,100%,2015
Wildcat Fire,6/17/2015,San Diego,171,100%,2015
Lake Fire,6/17/2015,San Bernardino,"31,359",100%,2015
Fork Fire,6/17/2015,Tehama,55,100%,2015
North Fire,6/16/2015,Amador,60,100%,2015
Chiles Fire,6/16/2015,Napa,38,100%,2015
Pass Fire,6/15/2015,Kern,67,100%,2015
Saddle Fire,6/10/2015,Trinity,"1,542",100%,2015
Bald Fire,6/10/2015,Humboldt,20,100%,2015
Garage Fire,6/9/2015,Napa,36,100%,2015
Riosa Fire,6/8/2015,Placer,110,100%,2015
Fox Fire,6/7/2015,Mariposa,25,100%,2015
Site Fire,6/5/2015,Alameda,300,100%,2015
Oasis Fire,6/5/2015,Lake,25,100%,2015
FKU Lightning Fires,6/5/2015,Fresno,45,100%,2015
Snow Fire,6/5/2015,Riverside,25,100%,2015
Harrison Fire,6/1/2015,Riverside,80,100%,2015
Christensen Fire,5/28/2015,Alameda,242,100%,2015
Forebay Fire,5/11/2015,Merced,275,100%,2015
Highway Fire,4/18/2015,Riverside,"1,049",100%,2015
Ward Fire,4/12/2015,Plumas,137,100%,2015
Stephens Fire,2/24/2015,Siskiyou,200,100%,2015
Van Dyke Fire,2/6/2015,Mono,509,100%,2015
Round Fire,2/6/2015,Inyo and Mono,"7,000",100%,2015
Marek Fire,11/13/2016,Los Angeles,"4,824",100%,2016
Gopher Fire,11/13/2016,San Diego,28,100%,2016
Meadow Fire,10/29/2016,Tulare,"4,347",100%,2016
Jacobson Fire,10/20/2016,Tulare,10,100%,2016
Emerald Fire,10/13/2016,El Dorado,176,100%,2016
Sacata Fire,10/11/2016,Fresno,"2,100",100%,2016
Creek Fire,10/10/2016,Napa,65,100%,2016
Loma Fire,9/26/2016,Santa Clara,"4,474",100%,2016
Tobin Fire,9/26/2016,Plumas,248,100%,2016
Marshes Fire,9/26/2016,Tuolumne,"1,080",100%,2016
Sawmill Fire,9/25/2016,Sonoma,"1,547",100%,2016
Cow Fire,9/25/2016,Shasta,100,100%,2016
Bell Fire,9/23/2016,Amador,45,100%,2016
Newmark Fire,9/23/2016,Fresno,70,100%,2016
Washington Fire,9/22/2016,Santa Barbara,215,100%,2016
Bangor Fire,9/22/2016,Butte,130,100%,2016
Butte Fire,9/20/2016,Sutter,300,100%,2016
Flat Fire,9/19/2016,Kern,306,100%,2016
Canyon Fire,9/17/2016,Santa Barbara,"12,518",100%,2016
Soup Complex,9/17/2016,Modoc,"2,652",100%,2016
Owens River Fire,9/17/2016,Inyo,"5,443",100%,2016
Auburn Fire,9/17/2016,Nevada,47,100%,2016
Old Fire,9/16/2016,Butte,30,100%,2016
Hog Fire,9/13/2016,Tehama,360,100%,2016
Old Fire,9/13/2016,Del Norte,150,100%,2016
Moffett Fire,9/12/2016,Siskiyou,32,100%,2016
Howard Fire,9/11/2016,Modoc,380,100%,2016
Willard Fire,9/11/2016,Lassen,"2,575",100%,2016
Boys Fire,9/11/2016,Sacramento,40,100%,2016
Lake Fire,9/10/2016,Shasta,75,100%,2016
Ruff Fire,9/10/2016,Mendocino,50,100%,2016
Spring Fire,9/7/2016,San Bernardino,50,100%,2016
Phoenix Fire,9/7/2016,Nevada,38,100%,2016
Saddle Fire,9/5/2016,Butte,850,100%,2016
Ken Fire,9/3/2016,San Bernardino,20,100%,2016
Sunny Fire,9/3/2016,Fresno,158,100%,2016
Oak Fire,9/1/2016,Santa Clara,25,100%,2016
Holy Fire,8/30/2016,Orange,150,100%,2016
Mockingbird Fire,8/30/2016,Lake,20,100%,2016
Willow Fire,8/30/2016,Amador,19,100%,2016
Mina Fire,8/30/2016,Mendocino,36,100%,2016
Bogart Fire,8/30/2016,Riverside,"1,470",100%,2016
Havilah Fire,8/28/2016,Kern,304,100%,2016
Evergreen Fire,8/28/2016,Riverside,40,100%,2016
Willow Fire,8/28/2016,Calaveras,450,100%,2016
Gap Fire,8/27/2016,Siskiyou,"33,867",100%,2016
Santos Fire,8/26/2016,Butte,88,100%,2016
Range Fire,8/26/2016,Kern,518,100%,2016
Grade Fire,8/24/2016,Siskiyou,710,100%,2016
Tule Fire,8/22/2016,Tulare,395,100%,2016
Tully Fire,8/22/2016,Humboldt,599,100%,2016
Bird Fire,8/20/2016,San Joaquin,147,100%,2016
Rey Fire,8/18/2016,Santa Barbara,"32,606",100%,2016
Beale Fire,8/18/2016,Yuba,400,100%,2016
Mokelumne Fire,8/18/2016,Alpine,,100%,2016
Bailey Fire,8/17/2016,Santa Clara,100,100%,2016
Cedar Fire,8/16/2016,Kern,"29,322",100%,2016
Blue Cut Fire,8/16/2016,San Bernardino,"36,274",100%,2016
Clayton Fire,8/13/2016,Lake,"3,929",100%,2016
Chimney Fire,8/13/2016,San Luis Obispo,"46,344",100%,2016
Summit Fire,8/12/2016,Humboldt,21,100%,2016
Oak Fire,8/12/2016,Santa Clara,25,100%,2016
Stafford Fire,8/11/2016,Humboldt,23,100%,2016
Gopher Fire,8/10/2016,San Diego,35,100%,2016
Knoxville Fire,8/9/2016,Lake,36,100%,2016
Kugelman Fire,8/9/2016,Lake,45,100%,2016
Mineral Fire,8/9/2016,Fresno,"7,050",100%,2016
Mountain Fire,8/9/2016,Shasta,35,100%,2016
Pilot Fire,8/7/2016,San Bernardino,"8,110",100%,2016
Alder Fire,8/6/2016,El Dorado,25,100%,2016
Rock Creek Fire,8/5/2016,Mono,122,100%,2016
Deer Fire,8/5/2016,Amador,26,100%,2016
Hart Fire,8/4/2016,Kern,100,100%,2016
Maze Fire,8/4/2016,Stanislaus,140,100%,2016
Grub Fire,8/4/2016,Madera,85,100%,2016
Clark Fire,8/4/2016,Mono,"2,819",100%,2016
Baker Fire,8/3/2016,Tehama,80,100%,2016
Diablo Fire,8/3/2016,Stanislaus,100,100%,2016
Cold Fire,8/2/2016,Yolo,"5,731",100%,2016
99 Fire,8/2/2016,Butte,550,100%,2016
Sierra Fire,7/30/2016,Santa Clara,114,100%,2016
Frymire Fire,7/30/2016,Tuolumne,32,100%,2016
Goose Fire,7/30/2016,Fresno,"2,241",100%,2016
Dockery Fire,7/30/2016,Lassen,42,100%,2016
Fork Fire,7/29/2016,Madera,38,100%,2016
North Branch Extension Fire,7/29/2016,Lake,25,100%,2016
Neal Fire,7/28/2016,Butte,35,100%,2016
Collier Fire,7/25/2016,Tehama,11,100%,2016
Franklin Fire,7/24/2016,Contra Costa,40,100%,2016
Bradley Fire,7/22/2016,Monterey,100,100%,2016
Rock Fire,7/22/2016,San Diego,28,100%,2016
Sand Fire,7/22/2016,Los Angeles,,100%,2016
Storksbill Fire,7/22/2016,El Dorado,50,100%,2016
Oak Fire,7/22/2016,Solano,57,100%,2016
Soberanes Fire,7/22/2016,Monterey,"132,127",100%,2016
Table Fire,7/21/2016,Siskiyou,23,100%,2016
Roblar Fire,7/21/2016,San Diego,"1,245",100%,2016
Baker Fire,7/21/2016,Calaveras,57,100%,2016
Serpa Fire,7/21/2016,Madera,80,100%,2016
Foothill Fire,7/19/2016,Lake,69,100%,2016
Bailey Fire,7/19/2016,Siskiyou,26,100%,2016
Feather Fire,7/18/2016,San Diego,100,100%,2016
Famoso Fire,7/15/2016,Kern,138,100%,2016
Green Fire,7/15/2016,Fresno,123,100%,2016
Dunnigan Fire,7/15/2016,Yolo,84,100%,2016
Onyx Fire,7/13/2016,Kern,221,100%,2016
Sherwood Fire,7/13/2016,Ventura,78,100%,2016
Briggs Fire,7/12/2016,Riverside,173,100%,2016
Stagecoach Fire,7/12/2016,Calaveras,35,100%,2016
Pacheco Fire,7/12/2016,Calaveras,341,100%,2016
Big Fire,7/11/2016,Fresno,188,100%,2016
Shelter Fire,7/11/2016,Ventura,15,100%,2016
Scott Fire,7/10/2016,Sacramento,87,100%,2016
Mercury Fire,7/9/2016,San Benito,95,100%,2016
Sage Fire,7/9/2016,Los Angeles,"1,109",100%,2016
Fiddler Fire,7/8/2016,Shasta,441,100%,2016
Fort Fire,7/8/2016,Kern,554,100%,2016
Frame Fire,7/4/2016,Fresno,145,100%,2016
Broken Fire,7/4/2016,Madera,103,100%,2016
Appaloosa Fire,7/2/2016,Calaveras,310,100%,2016
Curry Fire,7/1/2016,Fresno,"2,944",100%,2016
Deer Fire,7/1/2016,Kern,"1,785",100%,2016
Kuehner Fire,7/1/2016,Ventura,45,100%,2016
Flores Fire,7/1/2016,Tehama,88,100%,2016
Lone Pine Fire,7/1/2016,Inyo,30,100%,2016
Pine Fire,6/30/2016,Ventura,"2,304",100%,2016
Colyear Fire,6/30/2016,Tehama,464,100%,2016
Rancho Fire,6/28/2016,Amador,372,100%,2016
Trailhead Fire,6/28/2016,El Dorado and Placer,"5,646",100%,2016
Campo Fire,6/27/2016,Calaveras,33,100%,2016
Frazier Fire,6/27/2016,San Luis Obispo,86,100%,2016
Reservoir Fire,6/26/2016,Lake,215,100%,2016
Creek Fire,6/26/2016,Yolo,277,100%,2016
Laguna Fire,6/26/2016,Orange,47,100%,2016
Dinosaur Fire,6/25/2016,Merced,"1,246",100%,2016
Grant Fire,6/25/2016,Alameda,211,100%,2016
Marina Fire,6/24/2016,Mono,650,100%,2016
Lowe Fire,6/23/2016,Monterey,52,100%,2016
Erskine Fire,6/23/2016,Kern,"48,019",100%,2016
70 Fire,6/21/2016,Butte,49,100%,2016
Moore Fire,6/21/2016,Placer,88,100%,2016
Paskenta Fire,6/21/2016,Tehama,43,100%,2016
Coal Fire,6/20/2016,Butte,112,100%,2016
San Gabriel Complex (Formerly Fish & Reservoir Fires),6/20/2016,Los Angeles,"5,399",100%,2016
Border Fire,6/19/2016,San Diego,"7,609",100%,2016
Arroyo Fire,6/18/2016,Monterey,70,100%,2016
Camanche Fire,6/17/2016,Amador,210,100%,2016
King Fire,6/17/2016,San Benito,237,100%,2016
Sherpa Fire,6/15/2016,Santa Barbara,"7,474",100%,2016
Cheyenne Fire,6/15/2016,Calaveras,83,100%,2016
Old Fire,6/12/2016,San Benito,83,100%,2016
Keswick Fire,6/11/2016,Shasta,24,100%,2016
Cotton Fire,6/11/2016,Kern,61,100%,2016
Hoag Fire,6/11/2016,Tehama,80,100%,2016
Coe Fire,6/7/2016,Stanislaus,120,100%,2016
Pony Fire,6/6/2016,Siskiyou,"2,860",100%,2016
Soda Fire,6/4/2016,San Luis Obispo,,100%,2016
Old Fire,6/4/2016,Los Angeles,,100%,2016
Coleman Fire,6/4/2016,Monterey,"2,520",100%,2016
Temecula Fire,6/4/2016,Riverside,139,100%,2016
Hidden Fire,6/3/2016,San Benito,30,100%,2016
Clay Fire,6/3/2016,Sacramento,32,100%,2016
Aukum Fire,6/3/2016,El Dorado,25,100%,2016
Chimney Fire,6/1/2016,Tulare,,100%,2016
Pala Fire,5/31/2016,San Diego,70,100%,2016
Walker Fire,5/30/2016,Kern,43,100%,2016
Tulloch Fire,5/30/2016,Tuolumne,85,100%,2016
70 Fire,5/29/2016,Butte,30,100%,2016
Dunstone Fire,5/27/2016,Butte,91,100%,2016
Fiddler Fire,5/25/2016,Shasta,11,100%,2016
DeWolf Fire,5/24/2016,Fresno,278,100%,2016
Wheatland Fire,5/23/2016,Los Angeles,156,100%,2016
Metz Fire,5/22/2016,Monterey,"3,876",100%,2016
Mill Fire,5/19/2016,Siskiyou,56,100%,2016
Roberts Fire,5/18/2016,San Luis Obispo,"3,712",100%,2016
Athens Fire,5/17/2016,Placer,169,100%,2016
Avocado Fire,5/15/2016,Fresno,132,100%,2016
Bryson Fire,5/12/2016,Monterey,25,100%,2016
Edison Fire,5/12/2016,Ventura,20,100%,2016
Shedd Fire,5/10/2016,San Luis Obispo,150,100%,2016
Casitas Fire,4/28/2016,Ventura,50,100%,2016
Hills Fire,4/28/2016,Fresno,151,100%,2016
Taglio Fire,4/24/2016,Merced,30,100%,2016
Gorman Fire,4/19/2016,Los Angeles,,100%,2016
Holiday Fire,12/28/2017,El Dorado,80,100%,2017
Riverbottom Fire,12/21/2017,Riverside,45,100%,2017
Drum Fire,12/16/2017,Santa Barbara,14,100%,2017
Coast Fire,12/14/2017,Santa Barbara,14,100%,2017
Longhorn Fire,12/13/2017,Riverside,19,100%,2017
Liberty Fire,12/7/2017,Riverside,300,100%,2017
Lilac Fire,12/7/2017,San Diego,"4,100",100%,2017
Skirball Fire,12/5/2017,Los Angeles,422,100%,2017
Little Mountain Fire,12/5/2017,San Bernardino,260,100%,2017
Meyers Fire,12/5/2017,San Bernardino,34,100%,2017
Rye Fire,12/5/2017,Los Angeles,"6,049",100%,2017
Creek Fire,12/4/2017,Los Angeles,"15,619",100%,2017
Thomas Fire,12/4/2017,Santa Barbara and Ventura,"281,893",100%,2017
Riverdale Fire,12/4/2017,Riverside,40,100%,2017
Oak Fire,11/29/2017,San Bernardino,99,100%,2017
Bitterwater Fire,11/25/2017,San Benito,47,100%,2017
Palm Fire,11/14/2017,Riverside,40,100%,2017
Chris Fire,11/13/2017,Mono,370,100%,2017
Roser Fire,11/2/2017,Tehama,43,100%,2017
Bridge Fire,10/31/2017,Shasta,37,100%,2017
Tehama Fire,10/26/2017,Tehama,194,100%,2017
Wildomar Fire,10/26/2017,Riverside,866,100%,2017
Tank Fire,10/26/2017,Kern,50,100%,2017
Vista Fire,10/24/2017,Ventura,86,100%,2017
Freeway Fire,10/24/2017,San Bernardino,40,100%,2017
Extension Fire,10/23/2017,Riverside,50,100%,2017
Church Fire,10/21/2017,San Diego,100,100%,2017
Soda Fire,10/20/2017,San Luis Obispo,21,100%,2017
Milton Fire,10/18/2017,Stanislaus,13,100%,2017
Fallon Fire,10/17/2017,Alameda,116,100%,2017
Buffalo Fire,10/17/2017,San Diego,"1,088",100%,2017
Wilson Fire,10/16/2017,Los Angeles,50,100%,2017
Bear Fire,10/16/2017,Santa Cruz,391,100%,2017
Rolling Fire,10/15/2017,Kern,184,100%,2017
York Fire,10/15/2017,Monterey,31,100%,2017
Wilson Fire,10/15/2017,San Diego,25,100%,2017
Oakmont Fire (Central LNU Complex),10/14/2017,Sonoma,100,100%,2017
River Fire,10/14/2017,Trinity,148,100%,2017
Long Fire,10/13/2017,Lake,100,100%,2017
Loma Fire,10/13/2017,San Diego,81,100%,2017
Table Fire,10/13/2017,El Dorado,426,100%,2017
Lynch Fire,10/13/2017,San Luis Obispo,73,100%,2017
Quarry Fire,10/12/2017,Kern,183,100%,2017
Silver Fire,10/11/2017,Fresno,58,100%,2017
Ice Fire,10/10/2017,El Dorado,29,100%,2017
Portola Fire,10/10/2017,Riverside,23,100%,2017
Garden Fire,10/10/2017,Nevada,19,100%,2017
Honey Fire,10/9/2017,Butte,150,100%,2017
Pozo Fire,10/9/2017,San Luis Obispo,45,100%,2017
37 Fire,10/9/2017,Sonoma,"1,660",100%,2017
Canyon 2 Fire,10/9/2017,Orange,"9,217",100%,2017
Pocket Fire (Central LNU Complex),10/8/2017,Sonoma,"17,357",100%,2017
Pressley Fire (Central LNU Complex),10/8/2017,Sonoma,,100%,2017
Point Fire,10/8/2017,Calaveras,130,100%,2017
Adobe Fire (Central LNU Complex),10/8/2017,Sonoma,"1,868",100%,2017
LaPorte Fire (Wind Complex),10/8/2017,Butte,"6,151",100%,2017
Lobo Fire (Wind Complex),10/8/2017,Nevada,821,100%,2017
McCourtney Fire (Wind Complex),10/8/2017,Nevada,76,100%,2017
Sulphur Fire (Mendocino Lake Complex),10/8/2017,Lake,"2,207",100%,2017
Partrick Fire (Central LNU Complex),10/8/2017,Napa,,100%,2017
Redwood Valley Fire (Mendocino Lake Complex),10/8/2017,Mendocino,"36,523",100%,2017
Cascade Fire (Wind Complex),10/8/2017,Yuba,"9,989",100%,2017
Nuns / Adobe / Norrbom/ Pressley / Partrick Fires / Oakmont (Central LNU Complex),10/8/2017,Napa and Sonoma,"56,556",100%,2017
Atlas Fire (Southern LNU Complex),10/8/2017,Napa and Solano,"51,624",100%,2017
Tubbs Fire (Central LNU Complex),10/8/2017,Napa and Sonoma,"36,807",100%,2017
Cherokee Fire,10/8/2017,Butte,"8,417",100%,2017
Blue Fire,10/8/2017,Humboldt,20,100%,2017
Freeway Fire,10/8/2017,Tehama,10,100%,2017
Jones Fire,10/7/2017,Shasta,40,100%,2017
Fort Fire,10/7/2017,Sonoma,20,100%,2017
Ridge Fire,10/6/2017,Lake,87,100%,2017
36 Fire,10/3/2017,Tehama,20,100%,2017
Ramblin Fire,10/3/2017,Mariposa,17,100%,2017
Timm Fire,10/2/2017,Solano,100,100%,2017
Melba Fire,9/29/2017,Riverside,35,100%,2017
Lakewood Fire,9/29/2017,Kern,40,100%,2017
Rucker Fire,9/29/2017,Santa Barbara,444,100%,2017
Soda Fire,9/28/2017,Butte,143,100%,2017
Lion Fire,9/27/2017,Tulare,"18,900",100%,2017
Linne Fire,9/26/2017,San Luis Obispo,74,100%,2017
Poly Fire,9/26/2017,San Luis Obispo,105,100%,2017
Jasper Fire,9/26/2017,Yuba,26,100%,2017
Edwards Fire,9/26/2017,Alameda,22,100%,2017
Canyon Fire,9/25/2017,Orange,"2,662",100%,2017
32 Fire,9/25/2017,Butte,28,100%,2017
Cove Fire,9/23/2017,San Luis Obispo,25,100%,2017
Estate Fire,9/23/2017,Solano,55,100%,2017
Power Fire,9/20/2017,Madera,48,100%,2017
Dexter Fire,9/20/2017,Mariposa,10,100%,2017
Huasna Fire,9/20/2017,San Luis Obispo,245,100%,2017
Murphy Fire,9/19/2017,Fresno,237,100%,2017
Corral Fire,9/19/2017,Alameda,155,100%,2017
Grape Fire,9/19/2017,Mendocino,146,100%,2017
Table Fire,9/18/2017,Tuolumne,39,100%,2017
Eastman Fire,9/18/2017,Madera,429,100%,2017
French Fire,9/17/2017,El Dorado,136,100%,2017
Northern Region Lightning Incident,9/13/2017,,"10,000",100%,2017
Buck Fire,9/12/2017,Trinity,"13,417",100%,2017
Pacific Fire,9/12/2017,Butte,12,100%,2017
Slides Fire,9/12/2017,Lake,58,100%,2017
Skeleton Fire,9/12/2017,Lake,200,100%,2017
Hole Fire,9/12/2017,Del Norte,40,100%,2017
Berry Fire,9/11/2017,Shasta,995,100%,2017
Skeggs Fire,9/11/2017,San Mateo,50,100%,2017
Pine Fire,9/11/2017,Monterey,43,100%,2017
Shaver Fire,9/11/2017,Fresno,10,100%,2017
Ellie Fire,9/10/2017,Riverside,34,100%,2017
Border 9 Fire,9/7/2017,San Diego,25,100%,2017
Rattlesnake Fire,9/7/2017,Mariposa,,100%,2017
Eureka Fire,9/5/2017,Plumas,"2,575",100%,2017
Mule Fire,9/5/2017,Lake,21,100%,2017
Mills File,9/3/2017,Plumas,79,100%,2017
Bally Fire,9/3/2017,Santa Clara,100,100%,2017
Margarita Fire,9/3/2017,San Luis Obispo,120,100%,2017
Creek Fire,9/3/2017,Stanislaus,"1,749",100%,2017
Peak Fire,9/3/2017,Mariposa,680,100%,2017
Mission Fire,9/3/2017,Madera,"1,035",100%,2017
Parkfield Fire,9/3/2017,Fresno,100,100%,2017
Palmer Fire,9/2/2017,Riverside,"3,874",100%,2017
Caldwell Fire,9/1/2017,Kern,"1,319",100%,2017
La Tuna Fire,9/1/2017,Los Angeles,"7,194",100%,2017
Hopper Fire,9/1/2017,Shasta,25,100%,2017
Border Fire,8/31/2017,San Diego,130,100%,2017
Castaic Fire,8/31/2017,Los Angeles,30,100%,2017
Miller Fire,8/31/2017,Humboldt,34,100%,2017
Marlborough Fire,8/31/2017,Riverside,85,100%,2017
Helena - Fork Fire,8/30/2017,Trinity,"21,846",100%,2017
Coalinga Fire,8/30/2017,Fresno,102,100%,2017
Pleasant Fire,8/30/2017,Nevada,392,100%,2017
4-10 Fire,8/30/2017,Modoc,27,100%,2017
4-4 Fire,8/30/2017,Modoc,28,100%,2017
R-4 Fire,8/30/2017,Lassen,"18,618",100%,2017
Owens Fire,8/29/2017,Siskiyou,55,100%,2017
Slinkard Fire,8/29/2017,Mono,"8,925",100%,2017
Mud Fire,8/29/2017,Lassen,"6,042",100%,2017
Ponderosa Fire,8/29/2017,Butte,"4,016",100%,2017
Railroad Fire,8/29/2017,Madera,"12,407",100%,2017
Pier Fire,8/29/2017,Tulare,"36,556",100%,2017
Bradley Fire,8/28/2017,Siskiyou,54,100%,2017
Bradley Fire,8/28/2017,Siskiyou,54,100%,2017
Sandra Fire,8/28/2017,Amador,10,100%,2017
Translator Fire,8/28/2017,Humboldt,40,100%,2017
Hill Fire,8/27/2017,Fresno,69,100%,2017
Mines Fire,8/27/2017,Alameda,44,100%,2017
Canyon Fire,8/27/2017,Riverside,46,100%,2017
Bodega Fire,8/27/2017,Sonoma,18,100%,2017
Vestal Fire,8/26/2017,Tehama,40,100%,2017
Flat Fire,8/26/2017,Fresno,111,100%,2017
Peg Fire,8/26/2017,Lassen,157,100%,2017
Montezuma Fire,8/26/2017,San Diego,62,100%,2017
I-5 Fire,8/24/2017,Kings,"2,312",100%,2017
Juniper Fire,8/23/2017,Fresno,31,100%,2017
Range Fire,8/22/2017,Alameda,200,100%,2017
Eclipse Fire,8/21/2017,San Diego,200,100%,2017
Toll Fire,8/20/2017,Plumas,186,100%,2017
Beale Fire,8/20/2017,Yuba,867,100%,2017
Hills Fire,8/19/2017,Riverside,168,100%,2017
Corner Fire,8/17/2017,Shasta,17,100%,2017
Eclipse Complex,8/15/2017,Siskiyou,"78,698",100%,2017
Mias Fire,8/14/2017,Riverside,545,100%,2017
South Fork Fire,8/14/2017,Mariposa,"7,000",100%,2017
Miller Complex,8/14/2017,Siskiyou,"39,715",100%,2017
Coronado Fire,8/13/2017,Mariposa,125,100%,2017
Blaine Fire,8/13/2017,Riverside,"1,044",100%,2017
Nuevo Fire,8/13/2017,Riverside,19,100%,2017
Ward Fire,8/13/2017,Siskiyou,41,100%,2017
Yankee Fire,8/11/2017,San Luis Obispo,775,100%,2017
Tilton Fire,8/11/2017,Santa Clara,100,100%,2017
Canyon Fire,8/11/2017,Napa,114,100%,2017
Paskenta Fire,8/10/2017,Tehama,15,100%,2017
Rose Fire,8/10/2017,Kern,338,100%,2017
Bottle Fire,8/8/2017,Lake,62,100%,2017
Ruth Complex,8/7/2017,Trinity,"4,736",100%,2017
Country Fire,8/7/2017,Monterey,82,100%,2017
Young Fire,8/7/2017,Siskiyou,"3,142",100%,2017
Reed Fire,8/7/2017,Riverside,92,100%,2017
Poslin Fire,8/6/2017,Lassen,859,100%,2017
Chilcoot Fire,8/6/2017,Plumas,"1,020",100%,2017
W-2 Fire,8/6/2017,Lassen,530,100%,2017
Calgary Fire,8/5/2017,Kern,50,100%,2017
Stewart Fire,8/4/2017,Riverside,122,100%,2017
Blocksburg Fire,8/3/2017,Humboldt,30,100%,2017
Rincon Fire,8/3/2017,Los Angeles,10,100%,2017
Bryant Fire,8/3/2017,San Bernardino,325,100%,2017
Parker 2 Fire,8/3/2017,Modoc,"7,697",100%,2017
Saw Fire,8/3/2017,Humboldt,85,100%,2017
Indian Fire,8/2/2017,Tulare,"2,295",100%,2017
Sandy Fire,8/2/2017,Trinity,32,100%,2017
Camatta Fire,8/2/2017,San Luis Obispo,70,100%,2017
Red Fire,8/2/2017,San Luis Obispo,460,100%,2017
Sandy Fire,8/2/2017,Trinity,32,100%,2017
Falls Fire,8/1/2017,Tuolumne,20,100%,2017
Sway Fire,8/1/2017,Humboldt,19,100%,2017
Empire Fire,8/1/2017,Mariposa,"8,094",100%,2017
Independence Fire,7/31/2017,Sonoma,11,100%,2017
Mile Fire,7/31/2017,San Bernardino,100,100%,2017
Rose Fire,7/31/2017,Riverside,200,100%,2017
Summit Complex,7/31/2017,Stanislaus,"5,247",100%,2017
Roadrunner Fire,7/30/2017,Tulare,"2,289",100%,2017
Twist Fire,7/30/2017,Tuolumne,124,100%,2017
Garden Fire,7/30/2017,Kern,"1,350",100%,2017
Largo Fire,7/29/2017,El Dorado,236,100%,2017
Minerva Fire,7/29/2017,Plumas,"4,310",100%,2017
Sky Fire,7/29/2017,Shasta,17,100%,2017
Hill Fire,7/29/2017,Siskiyou,155,100%,2017
Jacksonville Fire,7/29/2017,Tuolumne,690,100%,2017
Placentia Fire,7/28/2017,Riverside,63,100%,2017
Gorman Fire,7/28/2017,Los Angeles,135,100%,2017
Live Fire,7/28/2017,Tehama,57,100%,2017
Greenhorn Fire,7/27/2017,Nevada,15,100%,2017
Weller Fire,7/26/2017,Santa Clara,51,100%,2017
Orleans Complex,7/26/2017,Siskiyou,"27,276",100%,2017
Latrobe Fire,7/26/2017,Sacramento,"1,286",100%,2017
Ranch Fire,7/26/2017,El Dorado,140,100%,2017
Woodland Fire,7/25/2017,El Dorado,13,100%,2017
Clear Complex (merged into Eclipse Complex),7/25/2017,Siskiyou,,100%,2017
Spenceville Fire,7/24/2017,Yuba,39,100%,2017
Olive Fire,7/24/2017,San Luis Obispo,150,100%,2017
Modoc July Complex,7/24/2017,Modoc,"83,120",100%,2017
Castro Fire,7/23/2017,Santa Clara,78,100%,2017
High Fire,7/23/2017,San Bernardino,170,100%,2017
Warner Mountain Lightning,7/22/2017,Modoc,,100%,2017
Seine Fire,7/22/2017,San Bernardino,20,100%,2017
Lost Fire,7/22/2017,San Diego,255,100%,2017
Dollar Fire,7/22/2017,San Bernardino,85,100%,2017
Grizzly Fire,7/21/2017,Nevada,10,100%,2017
Elephant Fire,7/20/2017,Tulare,416,100%,2017
Zenon Fire,7/20/2017,San Luis Obispo,47,100%,2017
Creek Fire,7/19/2017,Glenn,,100%,2017
Humboldt Fire,7/19/2017,Butte,103,100%,2017
Marble Fire,7/19/2017,Del Norte,319,100%,2017
Willms Fire,7/18/2017,Stanislaus,19,100%,2017
Hogback Fire,7/18/2017,Tulare,58,100%,2017
Ellis Fire,7/18/2017,Riverside,72,100%,2017
Laverne Fire,7/18/2017,Shasta,180,100%,2017
Hudson Fire,7/18/2017,Kern,"1,083",100%,2017
Fox Fire,7/17/2017,Tulare,59,100%,2017
Mesa Fire,7/17/2017,Santa Barbara,50,100%,2017
Murphy Fire,7/17/2017,Lake,40,100%,2017
Centerville Fire,7/17/2017,Modoc,15,100%,2017
Sand Fire,7/17/2017,Colusa,70,100%,2017
Park Fire,7/17/2017,Fresno,"1,649",100%,2017
Maria Fire,7/17/2017,Calaveras,117,100%,2017
Range Fire,7/17/2017,Mendocino,20,100%,2017
Detwiler Fire,7/16/2017,Mariposa,"81,826",100%,2017
Grade Fire,7/16/2017,Mendocino,900,100%,2017
Reservation Fire,7/16/2017,Monterey,40,100%,2017
North Fire,7/15/2017,Shasta,10,100%,2017
Bridge Fire,7/14/2017,San Bernardino,460,100%,2017
Dode Fire,7/13/2017,Modoc,410,100%,2017
Navajo Fire,7/13/2017,Riverside,10,100%,2017
Washington Fire,7/13/2017,Riverside,32,100%,2017
Spaletta Fire,7/12/2017,Marin,35,100%,2017
Hidden Fire,7/12/2017,San Bernardino,46,100%,2017
Rebie Fire,7/12/2017,Butte,10,100%,2017
Rosado Fire,7/12/2017,El Dorado,13,100%,2017
Chetco Fire,7/12/2017,,"191,125",100%,2017
Quail Fire,7/12/2017,Calaveras,59,100%,2017
Lariat Fire,7/11/2017,Santa Clara,101,100%,2017
Long Valley Fire,7/11/2017,Lassen,"83,733",100%,2017
Jennings Fire,7/11/2017,San Diego,400,100%,2017
Felipe Fire,7/10/2017,Santa Clara,70,100%,2017
Honcut Fire,7/10/2017,Butte,166,100%,2017
Farad Fire,7/10/2017,Sierra,747,100%,2017
Garza Fire,7/9/2017,Kings,"48,889",100%,2017
Stone Fire,7/9/2017,San Luis Obispo,340,100%,2017
Benson Fire,7/8/2017,Tehama,29,100%,2017
Parkfield Fire,7/8/2017,Monterey and San Luis Obispo,"1,816",100%,2017
West Fire,7/8/2017,Yuba,50,100%,2017
Axel Fire,7/8/2017,El Dorado,74,100%,2017
Willow Fire,7/8/2017,Contra Costa,370,100%,2017
Whittier Fire,7/8/2017,Santa Barbara,"18,430",100%,2017
Lake Fire,7/8/2017,Stanislaus,62,100%,2017
Deer Complex,7/7/2017,Contra Costa,231,100%,2017
Tower Fire,7/7/2017,San Luis Obispo,58,100%,2017
Banderilla Fire,7/7/2017,Mariposa,36,100%,2017
Bryant Fire,7/7/2017,San Bernardino,74,100%,2017
Wall Fire,7/7/2017,Butte,"6,033",100%,2017
Christmas Fire,7/7/2017,Riverside,33,100%,2017
Daulton Fire,7/7/2017,Madera,90,100%,2017
Hawk Fire,7/7/2017,Kern,"2,940",100%,2017
Alamo Fire,7/6/2017,San Luis Obispo,"28,687",100%,2017
Antelope Fire,7/6/2017,Lassen,,100%,2017
Winters Fire,7/6/2017,Yolo,"2,269",100%,2017
Quail Fire,7/6/2017,Kern,"1,626",100%,2017
Gold Fire,7/5/2017,Calaveras,22,100%,2017
Auberry Fire,7/5/2017,Fresno,91,100%,2017
Fay Fire,7/5/2017,Siskiyou,469,100%,2017
Globe Fire,7/5/2017,Tulare,21,100%,2017
Eagle Fire,7/4/2017,Riverside,205,100%,2017
Lakeland Fire,7/4/2017,Butte,18,100%,2017
Klamath Fire,7/4/2017,Siskiyou,,100%,2017
Jurupa Fire,7/4/2017,Riverside,35,100%,2017
Grade Fire,7/4/2017,Ventura,50,100%,2017
Freedom Fire,7/4/2017,Fresno,57,100%,2017
Valley Fire,7/4/2017,San Benito,34,100%,2017
Silver Fire,7/4/2017,San Bernardino,13,100%,2017
Timber Fire,7/3/2017,Riverside,30,100%,2017
Lago Fire,7/3/2017,Riverside,50,100%,2017
Canyon Fire,7/3/2017,Riverside,10,100%,2017
Derrick Fire,7/2/2017,Fresno,"1,538",100%,2017
Desabla Fire,7/2/2017,Butte,14,100%,2017
Spring Fire,7/2/2017,Mariposa,225,100%,2017
Lisa Fire,7/2/2017,Riverside,11,100%,2017
Brewer Fire,7/2/2017,Nevada,10,100%,2017
Oak Fire,6/30/2017,Shasta,128,100%,2017
Tarina Fire,6/30/2017,Kern,"1,200",100%,2017
Lockwood Fire,6/29/2017,Monterey,42,100%,2017
Stokes Fire,6/29/2017,Los Angeles,41,100%,2017
Topanga Fire,6/29/2017,Los Angeles,55,100%,2017
Ranch Fire,6/29/2017,Santa Clara,85,100%,2017
Cristianitos Fire,6/28/2017,San Diego,,100%,2017
Ben Fire,6/28/2017,Mariposa,630,100%,2017
Battle Fire,6/28/2017,Modoc,562,100%,2017
Alvarado Fire,6/28/2017,Monterey,15,100%,2017
Mart Fire,6/27/2017,San Bernardino,670,100%,2017
Pine Fire,6/27/2017,Marin,38,100%,2017
Sloane Fire,6/27/2017,San Diego,25,100%,2017
Latrobe Fire,6/27/2017,Sacramento,35,100%,2017
Shore Fire,6/26/2017,Del Norte,28,100%,2017
Hill Fire,6/26/2017,San Luis Obispo,"1,598",100%,2017
Manzanita Fire,6/26/2017,Riverside,"6,309",100%,2017
King Fire,6/26/2017,Siskiyou,19,100%,2017
Salmon-August Complex,6/25/2017,Siskiyou,,100%,2017
Placerita Fire,6/25/2017,Los Angeles,760,100%,2017
Black Fire,6/25/2017,San Diego,36,100%,2017
Schaeffer Fire,6/24/2017,Tulare,"16,031",100%,2017
Paskenta Fire,6/24/2017,Tehama,42,100%,2017
King Incident,6/23/2017,Tulare,,100%,2017
Creek Fire,6/23/2017,Fresno,357,100%,2017
Toll Fire,6/22/2017,Solano,39,100%,2017
Lone Fire,6/22/2017,Butte,111,100%,2017
Highway Fire,6/22/2017,Butte,21,100%,2017
Quimby Fire,6/21/2017,Santa Clara,54,100%,2017
Orange Fire,6/21/2017,Stanislaus,65,100%,2017
Evans Fire,6/19/2017,Sierra,168,100%,2017
Holcomb Fire,6/19/2017,San Bernardino,"1,503",100%,2017
Trellis Fire,6/18/2017,Riverside,26,100%,2017
Bogus Fire,6/18/2017,Siskiyou,56,100%,2017
Smiley Fire,6/18/2017,Riverside,153,100%,2017
Highway Fire,6/18/2017,Kern,"1,522",100%,2017
Road Fire,6/18/2017,Madera,25,100%,2017
Lambs Fire,6/18/2017,Riverside,10,100%,2017
Bolla Fire,6/18/2017,Tehama,60,100%,2017
Lake Fire,6/17/2017,Los Angeles,800,100%,2017
Shore Fire,6/16/2017,Monterey,32,100%,2017
Springs Fire,6/16/2017,Riverside,10,100%,2017
Skyway Fire,6/16/2017,Butte,134,100%,2017
Nuevo Fire,6/15/2017,Riverside,28,100%,2017
Canyon Fire,6/15/2017,Riverside,105,100%,2017
Westfall Fire,6/15/2017,Mariposa,63,100%,2017
Lucy Fire,6/14/2017,San Luis Obispo,150,100%,2017
Reed Fire,6/13/2017,Riverside,20,100%,2017
King Fire,6/13/2017,Tulare,135,100%,2017
Douglas Fire,6/13/2017,San Diego,50,100%,2017
Platina Fire,6/13/2017,Shasta,21,100%,2017
Valley Fire,6/13/2017,Riverside,33,100%,2017
Refuge Fire,6/13/2017,Napa,22,100%,2017
Tivy Fire,6/11/2017,Fresno,76,100%,2017
Red Fire,6/11/2017,Tuolumne,38,100%,2017
Pleyto Fire,6/11/2017,Monterey,32,100%,2017
Monterey Fire,6/11/2017,Fresno,450,100%,2017
Wild Fire,6/11/2017,Fresno,186,100%,2017
Oakwood Fire,6/10/2017,Madera,"1,431",100%,2017
Bodfish Fire,6/10/2017,Kern,206,100%,2017
Hog Fire,6/9/2017,Monterey,14,100%,2017
Island Fire,6/9/2017,,,100%,2017
Breckenridge Fire,6/8/2017,Kern,35,100%,2017
26 Fire,6/7/2017,Madera,157,100%,2017
Dinely Fire,6/7/2017,Tulare,339,100%,2017
Whitepine Fire,6/6/2017,Siskiyou,46,100%,2017
Wilbur Fire,6/6/2017,Butte,91,100%,2017
Pine Fire,6/5/2017,Kern,10,100%,2017
Fish Fire,6/5/2017,Contra Costa,20,100%,2017
Creek Fire,6/4/2017,Kern,33,100%,2017
Shirleon Fire,6/4/2017,Riverside,10,100%,2017
Spring Fire,6/4/2017,Tehama,78,100%,2017
River Fire,6/4/2017,Lassen,67,100%,2017
Dehesa Fire,6/4/2017,San Diego,12,100%,2017
5 Fire,6/3/2017,Los Angeles,25,100%,2017
Jones Fire,6/3/2017,Modoc,42,100%,2017
Vernon Fire,6/3/2017,Riverside,27,100%,2017
Elk Fire,6/2/2017,Kern,16,100%,2017
Fairview Fire,6/1/2017,Riverside,26,100%,2017
Clay Fire,6/1/2017,Sacramento,68,100%,2017
Fountain Fire,5/31/2017,Tulare,79,100%,2017
Twenty Fire,5/29/2017,Yuba,10,100%,2017
Matz Fire,5/28/2017,San Bernardino,16,100%,2017
Panoche Fire,5/28/2017,Fresno,18,100%,2017
Lombardi Fire,5/28/2017,Calaveras,15,100%,2017
Serenas Fire,5/28/2017,Riverside,48,100%,2017
Champagne Fire,5/28/2017,Kern,10,100%,2017
Rusty Fire,5/28/2017,Fresno,16,100%,2017
Range Fire,5/25/2017,San Diego,"1,000",100%,2017
Lamb Fire,5/25/2017,Riverside,120,100%,2017
Ribbonwood Fire,5/24/2017,San Diego,25,100%,2017
Moreno Fire,5/23/2017,Riverside,10,100%,2017
Bitterwater Fire,5/21/2017,San Benito,21,100%,2017
Smiley Fire,5/21/2017,Riverside,35,100%,2017
Gate Fire,5/20/2017,San Diego,"2,056",100%,2017
Wasioja Fire,5/20/2017,Santa Barbara,190,100%,2017
Ming Fire,5/20/2017,Kern,506,100%,2017
Rocky Fire,5/20/2017,San Luis Obispo,17,100%,2017
Manning Fire,5/19/2017,Fresno,70,100%,2017
Deluz Fire,5/19/2017,San Diego,486,100%,2017
Range Fire,5/19/2017,San Luis Obispo,,100%,2017
Moraga Fire,5/18/2017,Riverside,14,100%,2017
Elm Fire,5/18/2017,Fresno,"10,343",100%,2017
City Fire,5/18/2017,Kings,20,100%,2017
Camp Fire,5/18/2017,San Luis Obispo,225,100%,2017
41 Fire,5/17/2017,Madera,150,100%,2017
Lonoak Fire,5/17/2017,Monterey,17,100%,2017
Pine Fire,5/16/2017,Monterey,18,100%,2017
Bravo Fire,5/15/2017,Kern,288,100%,2017
Arrow Fire,5/15/2017,San Luis Obispo,225,100%,2017
Feed Fire,5/14/2017,Kern,41,100%,2017
Canyon Fire,5/14/2017,Riverside,17,100%,2017
Nacimiento Fire,5/14/2017,Monterey,20,100%,2017
Wright Fire,5/12/2017,Merced,"1,800",100%,2017
Hub Fire,5/11/2017,Kern,31,100%,2017
Sonoma Fire,5/10/2017,Fresno,400,100%,2017
Shandon Fire,5/7/2017,San Luis Obispo,12,100%,2017
Olive Fire,5/2/2017,San Luis Obispo,130,100%,2017
Fay Fire,5/1/2017,Kern,19,100%,2017
Jameson Fire,4/30/2017,Riverside,12,100%,2017
Tower Fire,4/30/2017,San Bernardino,150,100%,2017
Opera Fire,4/30/2017,Riverside,"1,350",100%,2017
Tumey Fire,4/29/2017,Fresno,126,100%,2017
El Dorado Fire,4/28/2017,Fresno,976,100%,2017
Soledad Fire,4/24/2017,Monterey,10,100%,2017
Jayne Fire,4/20/2017,Fresno,"5,738",100%,2017
66 Fire,4/12/2017,Riverside,15,100%,2017
West Fire,4/3/2017,Modoc,380,100%,2017
Grace Fire,4/3/2017,Shasta,45,100%,2017
Oroville Spillway,2/7/2017,Butte,,100%,2017
Taglio Fire,12/31/1969,Merced,12,100%,2017
Honey Flooding,11/29/2018,Butte,,100%,2018
Bear Fire,11/16/2018,Santa Cruz,10,100%,2018
Morgan Fire,11/15/2018,Contra Costa,20,100%,2018
Briggs Fire,11/14/2018,Ventura,150,100%,2018
Niles Fire,11/14/2018,Alameda,20,100%,2018
Sierra Fire,11/13/2018,San Bernardino,147,100%,2018
Green Hill Fire,11/12/2018,Humboldt,10,100%,2018
Peak Fire,11/12/2018,Ventura,186,100%,2018
Woolsey Fire,11/8/2018,Los Angeles and Ventura,"96,949",100%,2018
Hill Fire,11/8/2018,Ventura,"4,531",100%,2018
Nurse Fire,11/8/2018,Solano,"1,500",100%,2018
Brushy Fire,11/8/2018,Mendocino,35,100%,2018
Horn Fire,11/8/2018,Lassen,88,100%,2018
Camp Fire,11/7/2018,Butte,"153,336",100%,2018
Adams Fire,11/5/2018,Tehama,60,100%,2018
Rincon Fire,11/3/2018,Santa Cruz,17,100%,2018
June Fire,10/30/2018,Butte,550,100%,2018
Market Fire,10/24/2018,Tulare,120,100%,2018
Camino Fire,10/19/2018,San Luis Obispo,58,100%,2018
Powellton Fire,10/15/2018,Butte,10,100%,2018
Masonic Fire,10/14/2018,Shasta,38,100%,2018
Tower Fire,10/13/2018,Shasta,12,100%,2018
Priest Fire,10/13/2018,Monterey,167,100%,2018
Winters Fire,10/12/2018,Solano,160,100%,2018
Iron Gate Fire,10/10/2018,Siskiyou,15,100%,2018
Branscombe Fire,10/7/2018,Solano,"4,500",100%,2018
Park Fire,10/7/2018,Santa Clara,63,100%,2018
Sun Fire,10/7/2018,Tehama,"3,889",100%,2018
Eagle Fire,10/2/2018,Fresno,32,100%,2018
Nacimiento Fire,10/2/2018,Monterey,150,100%,2018
Shandon Fire,9/29/2018,San Luis Obispo,80,100%,2018
Silver Fire,9/28/2018,Shasta,76,100%,2018
Wilson Fire,9/28/2018,Tehama,261,100%,2018
Keenbrook Fire,9/26/2018,San Bernardino,53,100%,2018
Nimshew Fire,9/23/2018,Butte,33,100%,2018
Quimby Fire,9/23/2018,Santa Clara,30,100%,2018
Oak Fire,9/22/2018,Madera,360,100%,2018
Copper Fire,9/22/2018,Lassen,53,100%,2018
Charlie Fire,9/22/2018,Los Angeles,"3,380",100%,2018
Meyers Fire,9/20/2018,El Dorado,12,100%,2018
Reservoir Fire,9/16/2018,San Luis Obispo,51,100%,2018
Soboba Fire,9/14/2018,Riverside,25,100%,2018
Metz Fire,9/13/2018,Monterey,400,100%,2018
Water Fire,9/12/2018,Kern,200,100%,2018
Irving Fire,9/10/2018,Marin,152,100%,2018
Fork Fire,9/9/2018,Los Angeles,166,100%,2018
Snell Fire,9/8/2018,Napa,"2,490",100%,2018
Tulloch Fire,9/8/2018,Tuolumne,573,100%,2018
Delta Fire,9/5/2018,Shasta and Trinity,"63,311",100%,2018
Kerlin Fire,9/4/2018,Trinity,"1,751",100%,2018
Sliger Fire,9/4/2018,El Dorado,150,100%,2018
Ranchera Fire,9/4/2018,Shasta,13,100%,2018
Boot Fire,9/4/2018,Mono,"6,974",100%,2018
North Fire,9/3/2018,Placer,"1,120",100%,2018
Kelsey Fire,9/3/2018,Lake,24,100%,2018
Essex Fire,9/2/2018,Modoc,15,100%,2018
Ridge Fire,9/2/2018,Lake,36,100%,2018
Ogilvy Fire,9/1/2018,Santa Barbara,172,100%,2018
Sterling,8/31/2018,San Bernardino,125,100%,2018
Grade Fire,8/30/2018,Lake,60,100%,2018
Redinger Fire,8/27/2018,Madera,88,100%,2018
Winchester Fire,8/27/2018,Riverside,36,100%,2018
Cache Fire,8/26/2018,Lake,103,100%,2018
Castro Fire,8/26/2018,Alameda,48,100%,2018
Country Fire,8/25/2018,Riverside,32,100%,2018
Eastman Fire,8/23/2018,Madera,289,100%,2018
Land Fire,8/22/2018,Riverside,23,100%,2018
Keller Fire,8/19/2018,Riverside,10,100%,2018
Front Fire,8/19/2018,Santa Barbara,"1,014",100%,2018
Gorge Fire,8/19/2018,Shasta,155,100%,2018
Call Fire,8/18/2018,Kern,367,100%,2018
Alhambra Fire,8/17/2018,Contra Costa,30,100%,2018
Marcel Fire,8/17/2018,Kern,34,100%,2018
Pine Fire,8/16/2018,Kern,114,100%,2018
Mill Creek 1 Fire,8/16/2018,Humboldt,"3,674",100%,2018
Stone Fire,8/15/2018,Modoc,"39,387",100%,2018
River Fire,8/15/2018,Tulare,668,100%,2018
Cloverdale Fire,8/13/2018,San Diego,100,100%,2018
Oak Fire,8/12/2018,Nevada,16,100%,2018
Gulch Fire,8/11/2018,Monterey,650,100%,2018
Nelson Fire,8/10/2018,Solano,"2,162",100%,2018
Hat Fire,8/9/2018,Shasta,"1,900",100%,2018
Syar Fire,8/9/2018,Napa,10,100%,2018
Rangeland Fire,8/9/2018,San Diego,250,100%,2018
Hirz Fire,8/8/2018,Shasta,"46,150",100%,2018
Murphy Fire,8/6/2018,Plumas,117,100%,2018
Five Fire,8/6/2018,Kings,"2,995",100%,2018
South Fire,8/6/2018,Calaveras,290,100%,2018
Terra Fire,8/6/2018,Riverside,35,100%,2018
Holy Fire,8/6/2018,Orange,"23,136",100%,2018
Turkey Fire,8/6/2018,Monterey,"2,225",100%,2018
Casner Fire,8/6/2018,San Diego,14,100%,2018
Parrots Fire,8/4/2018,Calaveras,136,100%,2018
Creek Fire,8/4/2018,Alameda,30,100%,2018
Wagner Fire,8/4/2018,Mariposa,22,100%,2018
Tarina Fire,8/3/2018,Kern,"2,950",100%,2018
Donnell Fire,8/1/2018,Tuolumne,"36,450",100%,2018
Western Fire,8/1/2018,Mendocino,106,100%,2018
Omega Fire,8/1/2018,El Dorado,66,100%,2018
Bumper Fire,8/1/2018,El Dorado,67,100%,2018
Sunset Fire,8/1/2018,Placer,700,100%,2018
Butte Fire,7/31/2018,Sutter,"1,200",100%,2018
Eel Fire,7/31/2018,Mendocino,972,100%,2018
Owens Fire,7/31/2018,Inyo,338,100%,2018
Corner Fire,7/29/2018,Shasta,35,100%,2018
Steele Fire,7/28/2018,Napa,135,100%,2018
Sobrante Fire,7/28/2018,Riverside,30,100%,2018
Rock Fire,7/28/2018,San Diego,207,100%,2018
Breckenridge Fire,7/27/2018,Kern,993,100%,2018
Whaleback Fire,7/27/2018,Lassen,"18,703",100%,2018
Pasqual Fire,7/27/2018,San Diego,365,100%,2018
River Fire (Mendocino Complex),7/27/2018,"Colusa, Lake and Mendocino","48,920",100%,2018
Balch Fire,7/27/2018,Tulare,100,100%,2018
Ranch Fire (Mendocino Complex),7/27/2018,"Colusa, Glenn, Lake and Mendocino","410,203",100%,2018
Ribbon Fire,7/26/2018,Riverside,205,100%,2018
Church Fire,7/25/2018,Santa Clara,20,100%,2018
Patterson Fire,7/25/2018,Alameda,34,100%,2018
Marsh Fire,7/25/2018,Contra Costa,247,100%,2018
Hidden Fire,7/25/2018,San Benito,39,100%,2018
Cranston Fire,7/25/2018,Riverside,"13,139",100%,2018
Roxie Fire (Formerly 1-1 Fire),7/24/2018,Lassen,167,100%,2018
Crestline Fire,7/24/2018,Shasta,51,100%,2018
Martinez Fire,7/23/2018,Riverside,40,100%,2018
Carr Fire,7/23/2018,Shasta and Trinity,"229,651",100%,2018
Pico Fire,7/23/2018,Los Angeles,128,100%,2018
Country Fire,7/22/2018,Santa Clara,320,100%,2018
Heart Fire,7/21/2018,Mendocino,67,100%,2018
Rock Fire,7/21/2018,San Luis Obispo,30,100%,2018
Mustang Fire,7/21/2018,San Luis Obispo,37,100%,2018
Carder Fire,7/21/2018,Lake,50,100%,2018
Windmill Fire,7/20/2018,Santa Barbara,110,100%,2018
Highland Fire,7/20/2018,Shasta,63,100%,2018
Cinnamon Fire,7/20/2018,San Diego,13,100%,2018
Skyline Fire,7/19/2018,Riverside,282,100%,2018
Horse Creek Fire,7/19/2018,Tulare,34,100%,2018
Ben Fire,7/19/2018,Mariposa,40,100%,2018
Simmons Fire,7/19/2018,Butte,43,100%,2018
Eighty Eight Fire,7/18/2018,Yolo,822,100%,2018
Cruces Fire,7/18/2018,Santa Barbara,77,100%,2018
Lott Fire,7/17/2018,Siskiyou,10,100%,2018
Border Fire,7/17/2018,San Diego,28,100%,2018
Camp Fire,7/17/2018,San Luis Obispo,14,100%,2018
Garner Complex,7/16/2018,,"29,016",100%,2018
3-16 Fire,7/15/2018,Lassen,89,100%,2018
Natchez Fire,7/15/2018,,"38,134",100%,2018
Tuscan Fire,7/15/2018,Tehama,50,100%,2018
3-18 Fire,7/15/2018,Lassen,32,100%,2018
Johnson Fire,7/15/2018,Humboldt,16,100%,2018
3-10 Fire,7/15/2018,Lassen,56,100%,2018
Steamboat Fire,7/15/2018,Siskiyou,224,100%,2018
Kelley Fire,7/14/2018,Modoc,52,100%,2018
Lariat Fire,7/14/2018,Tehama,33,100%,2018
3-2 Fire,7/14/2018,Lassen,14,100%,2018
Eagle Fire,7/13/2018,Modoc,"2,100",100%,2018
Ferguson Fire,7/13/2018,Mariposa,"96,901",100%,2018
Gray Fire,7/13/2018,San Bernardino,12,100%,2018
Stoney Fire,7/12/2018,Butte,962,100%,2018
Idria Fire,7/12/2018,San Benito,116,100%,2018
Panoche Fire,7/11/2018,San Benito,278,100%,2018
School Fire,7/10/2018,Madera,12,100%,2018
Hale Fire,7/10/2018,Santa Clara,51,100%,2018
Curie Fire,7/10/2018,Santa Clara,70,100%,2018
Dark Fire,7/10/2018,Butte,11,100%,2018
Dale Fire,7/9/2018,Tehama,856,100%,2018
Cornerstone Fire,7/9/2018,Madera,11,100%,2018
Spring 2 Fire,7/9/2018,Lake,80,100%,2018
James Loop Fire,7/9/2018,,280,100%,2018
Grant Fire,7/8/2018,Alameda,640,100%,2018
Bruce Fire,7/8/2018,Contra Costa,56,100%,2018
Vista Fire,7/8/2018,Shasta,31,100%,2018
Lebec Fire,7/8/2018,Kern,62,100%,2018
Georges Fire,7/8/2018,Inyo,"2,883",100%,2018
West Fire,7/6/2018,San Diego,504,100%,2018
Holiday Fire,7/6/2018,Santa Barbara,113,100%,2018
Irish Fire,7/6/2018,Amador,825,100%,2018
Valley Fire,7/6/2018,San Bernardino,"1,350",100%,2018
Bridle Fire,7/6/2018,Santa Clara,116,100%,2018
Building Fire,7/6/2018,San Diego,10,100%,2018
Box Fire,7/6/2018,San Bernardino,100,100%,2018
Peach Fire,7/5/2018,Mendocino,90,100%,2018
Klamathon Fire,7/5/2018,Siskiyou,"38,008",100%,2018
Shingle Fire,7/4/2018,El Dorado,316,100%,2018
Benton Fire,7/4/2018,Riverside,63,100%,2018
Par Fire,7/4/2018,Butte,191,100%,2018
Stony Fire,7/4/2018,Colusa,75,100%,2018
Buckingham Fire,7/2/2018,Contra Costa,45,100%,2018
Petersburg Fire,7/1/2018,Siskiyou,215,100%,2018
County Fire,6/30/2018,Napa and Yolo,"90,288",100%,2018
Creek Fire,6/30/2018,San Bernardino,33,100%,2018
Tesla Fire,6/29/2018,Santa Clara,70,100%,2018
Sheep Fire,6/29/2018,Kern,95,100%,2018
Valley Fire,6/29/2018,Contra Costa,268,100%,2018
Grant Fire,6/29/2018,Sacramento,30,100%,2018
Waverly Fire,6/29/2018,San Joaquin,"12,300",100%,2018
Llano Fire,6/29/2018,Butte,10,100%,2018
Flat Fire,6/28/2018,Trinity,300,100%,2018
Cherry Fire,6/27/2018,Siskiyou,63,100%,2018
Hyatt Fire,6/27/2018,Lassen,441,100%,2018
Anchor Fire,6/27/2018,Fresno,76,100%,2018
Shippee Fire,6/26/2018,Butte,347,100%,2018
Fox Fire,6/26/2018,San Luis Obispo,260,100%,2018
San Ardo,6/26/2018,Monterey,375,100%,2018
Romero Fire,6/24/2018,Merced,68,100%,2018
Horse Fire,6/24/2018,Calaveras,80,100%,2018
Flat Fire,6/24/2018,Tuolumne,163,100%,2018
Creek Fire,6/24/2018,Shasta,"1,678",100%,2018
Canyon Fire,6/23/2018,Los Angeles,62,100%,2018
Pawnee Fire,6/23/2018,Lake,"15,185",100%,2018
Sierra Fire,6/23/2018,Tehama,170,100%,2018
Bascom Fire,6/23/2018,Shasta,328,100%,2018
Stoll Fire,6/23/2018,Tehama,268,100%,2018
Lane Fire,6/23/2018,Tehama,"3,716",100%,2018
Creek Fire,6/21/2018,San Luis Obispo,10,100%,2018
Yankee Fire,6/20/2018,San Luis Obispo,"1,500",100%,2018
Ranchita Fire,6/19/2018,Monterey,10,100%,2018
Iron Fire,6/19/2018,Contra Costa,40,100%,2018
Wheeler Fire,6/18/2018,Mariposa,115,100%,2018
Vallecitos Fire,6/17/2018,Alameda,20,100%,2018
Dinosaur Fire,6/17/2018,Merced,185,100%,2018
China Fire,6/17/2018,Amador,17,100%,2018
Upper Colony Fire,6/17/2018,,"1,202",100%,2018
Willow Fire,6/16/2018,Contra Costa,25,100%,2018
Creek Fire,6/16/2018,Lake,32,100%,2018
Oregon Fire,6/16/2018,Butte,40,100%,2018
Boyer Fire,6/15/2018,Mariposa,53,100%,2018
Raymond Fire,6/15/2018,Madera,60,100%,2018
Planada Fire,6/15/2018,Merced,"4,564",100%,2018
Tumbleweed Fire,6/14/2018,Lassen,646,100%,2018
Creston FIre,6/14/2018,San Luis Obispo,60,100%,2018
Bridle Fire,6/14/2018,Riverside,20,100%,2018
70 Fire,6/14/2018,Butte,20,100%,2018
Spring Fire,6/13/2018,Tehama,70,100%,2018
Vista Fire,6/13/2018,San Luis Obispo,60,100%,2018
Beaver Fire,6/12/2018,San Benito,215,100%,2018
Portola Fire,6/12/2018,Los Angeles,20,100%,2018
Euclid Fire,6/12/2018,Riverside,154,100%,2018
Santiago Fire,6/11/2018,Orange,155,100%,2018
Liberty Fire,6/11/2018,San Joaquin,62,100%,2018
Lions Fire,6/11/2018,Madera,"4,064",100%,2018
Chrome Fire,6/9/2018,Glenn,"2,290",100%,2018
Sam Fire,6/9/2018,Monterey,96,100%,2018
Mission Fire,6/9/2018,Marin,12,100%,2018
South Fire,6/9/2018,Los Angeles,175,100%,2018
Apple Fire,6/9/2018,Tehama,"2,956",100%,2018
Bear Fire,6/7/2018,Merced,200,100%,2018
Recycle Fire,6/6/2018,San Diego,265,100%,2018
Vista Fire,6/5/2018,San Diego,12,100%,2018
Pallet Fire,6/5/2018,Sonoma,10,100%,2018
Panoche Fire,6/4/2018,San Benito,64,100%,2018
ONeals Fire,6/4/2018,Madera,300,100%,2018
Eastern Fire,6/4/2018,San Benito,513,100%,2018
Airline Fire,6/4/2018,San Benito,"1,314",100%,2018
Meamber Fire,6/4/2018,Siskiyou,12,100%,2018
Stone Fire,6/4/2018,Los Angeles,"1,352",100%,2018
Green Fire,6/3/2018,San Diego,10,100%,2018
Adobe Fire,6/3/2018,San Diego,38,100%,2018
Martin Fire,6/3/2018,Siskiyou,37,100%,2018
Resort Fire,6/3/2018,San Luis Obispo,12,100%,2018
Fairview Fire,6/3/2018,San Benito,35,100%,2018
Ethanac Fire,6/3/2018,Riverside,17,100%,2018
Grande Fire,6/3/2018,Riverside,11,100%,2018
Black Fire,6/3/2018,Tehama,10,100%,2018
Jardin Fire,6/2/2018,Riverside,10,100%,2018
Aliso Fire,6/2/2018,Orange,175,100%,2018
Glen Fire,6/2/2018,Contra Costa,23,100%,2018
Coldwell Fire,6/2/2018,Fresno,13,100%,2018
Plymire Fire,6/1/2018,Tehama,23,100%,2018
Open Fire,6/1/2018,Glenn,127,100%,2018
Madison FIre,6/1/2018,Yolo,14,100%,2018
Grant Fire,5/30/2018,Alameda,484,100%,2018
Vineyard Fire,5/29/2018,San Luis Obispo,25,100%,2018
Stuhr Fire,5/29/2018,Stanislaus,63,100%,2018
Chrome Fire,5/28/2018,Glenn,75,100%,2018
70th Fire,5/28/2018,Riverside,10,100%,2018
Keeler Fire,5/27/2018,Santa Clara,16,100%,2018
Cobble Fire,5/26/2018,Fresno,108,100%,2018
Water Fire,5/24/2018,San Luis Obispo,100,100%,2018
Experimental Fire,5/23/2018,Madera,56,100%,2018
Agua Fire,5/22/2018,San Diego,59,100%,2018
Bellagio Fire,5/21/2018,Napa,12,100%,2018
Plaza Fire,5/20/2018,Merced,88,100%,2018
Ager Fire,5/19/2018,Siskiyou,27,100%,2018
Jelly Fire,5/18/2018,Tehama,103,100%,2018
White Fire,5/18/2018,Tulare,26,100%,2018
Patterson Fire,5/17/2018,Riverside,"1,261",100%,2018
Happy Fire,5/17/2018,Santa Barbara,60,100%,2018
Twisselman Fire,5/16/2018,Kern,293,100%,2018
Grant Fire,5/14/2018,Alameda,12,100%,2018
Volcan Fire,5/10/2018,San Diego,12,100%,2018
Jacques Fire,5/9/2018,San Diego,18,100%,2018
Shastina Fire,5/9/2018,Siskiyou,127,100%,2018
Woodchuck Fire,5/4/2018,Riverside,15,100%,2018
Tornado Fire,5/4/2018,Riverside,70,100%,2018
Alpha Fire,5/4/2018,San Diego,300,100%,2018
Nees Fire,5/2/2018,Merced,"1,756",100%,2018
Main Fire,4/28/2018,Riverside,73,100%,2018
French Fire,4/26/2018,Plumas,20,100%,2018
Grape Fire,4/24/2018,Humboldt,,100%,2018
Lago Fire,4/22/2018,Riverside,18,100%,2018
Moffat Fire,4/19/2018,Inyo,"1,265",100%,2018
Tyler Fire,4/14/2018,Riverside,15,100%,2018
Aqueduct Fire,4/12/2018,Fresno,30,100%,2018
Meadow Fire,4/9/2018,Riverside,21,100%,2018
Rock Fire,3/27/2018,Shasta,11,100%,2018
Santa Cruz Fire,3/27/2018,Santa Barbara,258,100%,2018
Pleasant Fire,2/18/2018,Inyo,"2,070",100%,2018
Wilcox Fire,2/18/2018,Tulare,33,100%,2018
Haycamp Fire,2/7/2018,Monterey,50,100%,2018
Montecito Flooding / Mudflows,1/8/2018,Santa Barbara and Ventura,,100%,2018
Bridge Fire,12/31/1969,Marin,45,100%,2018
Cave Fire (No Longer a CAL FIRE Incident),11/25/2019,Santa Barbara,"3,126",100%,2019
Foothills Fire,11/25/2019,Placer,355,100%,2019
Cashe Fire,11/25/2019,Yolo,,,2019
Eagle Fire,11/4/2019,Lake,75,100%,2019
Ranch Fire,11/3/2019,Tehama,"2,534",100%,2019
Sobrante Fire,11/1/2019,Riverside,19,100%,2019
Maria Fire,10/31/2019,Ventura,"9,999",100%,2019
Hillside Fire,10/30/2019,San Bernardino,200,100%,2019
Copper Fire,10/30/2019,San Diego,50,100%,2019
46 Fire,10/30/2019,Riverside,328,100%,2019
Hill Fire,10/30/2019,Riverside,494,100%,2019
Easy Fire,10/30/2019,Ventura,"1,806",100%,2019
Getty Fire,10/27/2019,Los Angeles,745,100%,2019
Forest Fire,10/27/2019,Contra Costa,50,100%,2019
Burris Fire,10/27/2019,Mendocino,703,100%,2019
Glencove Fire,10/27/2019,Solano,140,100%,2019
Sky Fire,10/27/2019,Contra Costa,150,100%,2019
Cypress Complex,10/27/2019,Contra Costa,200,100%,2019
Rawson Fire,10/26/2019,Tehama,605,100%,2019
Miller Fire,10/25/2019,San Diego,37,100%,2019
Sawday Fire,10/25/2019,San Diego,97,100%,2019
Mines Fire,10/24/2019,Alameda,35,100%,2019
Cabrillo Fire,10/24/2019,San Mateo,62,100%,2019
Tick Fire,10/24/2019,Los Angeles,"4,615",100%,2019
Nelson Fire,10/24/2019,Butte,80,100%,2019
Muir Fire,10/24/2019,Marin,67,100%,2019
Old Water Fire,10/23/2019,San Bernardino,145,100%,2019
Kincade Fire,10/23/2019,Sonoma,"77,758",100%,2019
Oak Fire,10/22/2019,San Diego,,,2019
Palisades Fire,10/21/2019,Los Angeles,42,100%,2019
Beaumont Fire,10/21/2019,San Bernardino,11,100%,2019
Mud Fire,10/18/2019,Fresno,137,100%,2019
Grove Fire,10/17/2019,Lake,25,100%,2019
Real Fire,10/17/2019,Santa Barbara,420,100%,2019
Fairmont Fire,10/15/2019,San Diego,10,100%,2019
Nustar Fire,10/15/2019,Contra Costa,15,100%,2019
Johnson Fire,10/14/2019,Riverside,75,100%,2019
Horse Fire,10/13/2019,Lassen,55,100%,2019
Olivas Fire,10/11/2019,Ventura,200,100%,2019
Caples Fire,10/11/2019,El Dorado,"3,435",100%,2019
Bitter Fire,10/11/2019,San Luis Obispo,30,100%,2019
Wendy Fire,10/10/2019,Ventura,91,100%,2019
Saddle Ridge Fire,10/10/2019,Los Angeles,"8,799",100%,2019
Wolf Fire,10/10/2019,Riverside,75,100%,2019
Plains Fire,10/10/2019,Shasta,42,100%,2019
Sandalwood Fire,10/10/2019,Riverside,"1,011",100%,2019
Reche Fire,10/10/2019,Riverside,350,100%,2019
Eagle Fire,10/10/2019,Riverside,9,100%,2019
Merrill Fire,10/9/2019,Contra Costa,40,100%,2019
Inghram Fire,10/9/2019,Tehama,10,100%,2019
Corning Fire,10/9/2019,Tehama,68,100%,2019
Cross Fire,10/8/2019,Monterey and San Luis Obispo,289,100%,2019
Little Fire,10/8/2019,Alameda,12,100%,2019
Dales Fire,10/7/2019,Tehama,11,100%,2019
Point Fire,10/7/2019,Santa Clara,29,100%,2019
American Fire,10/6/2019,Napa,526,100%,2019
Briceburg Fire,10/6/2019,Mariposa,"5,563",100%,2019
Wilson Fire,10/4/2019,Mendocino,10,100%,2019
Elk Fire,10/4/2019,Glenn,63,100%,2019
Del Fire,10/3/2019,Stanislaus,18,100%,2019
Ranch Fire,10/1/2019,San Luis Obispo,52,100%,2019
Frame Fire,9/30/2019,Fresno,25,100%,2019
Warren Fire,9/30/2019,Riverside,19,100%,2019
Chaparral Fire,9/29/2019,El Dorado,22,100%,2019
Hwy Fire,9/28/2019,Butte,300,100%,2019
Mare Fire,9/26/2019,Solano,30,100%,2019
Willow Fire,9/25/2019,San Diego,52,100%,2019
Electra Fire,9/25/2019,Amador,10,100%,2019
Dehesa Fire,9/24/2019,San Diego,200,100%,2019
Cow Fire,9/24/2019,Shasta,16,100%,2019
Tulloch Fire,9/23/2019,Tuolumne,83,100%,2019
Lynette Fire,9/22/2019,Calaveras,67,100%,2019
Kennedy Fire,9/21/2019,Riverside,98,100%,2019
Lopez Fire,9/21/2019,San Luis Obispo,220,100%,2019
Reservoir Fire,9/21/2019,Santa Clara,128,100%,2019
Baseline Fire,9/20/2019,Placer,604,100%,2019
Bautista Fire,9/15/2019,Riverside,167,100%,2019
Bar Fire,9/15/2019,Siskiyou,91,100%,2019
Horseshoe Fire,9/14/2019,Riverside,520,100%,2019
Bridge Fire,9/13/2019,Stanislaus,11,100%,2019
Redwood Fire,9/12/2019,Riverside,34,100%,2019
Stuhr Fire,9/11/2019,Stanislaus,190,100%,2019
Bailey Fire,9/10/2019,Riverside,10,100%,2019
McMurray Fire,9/9/2019,Santa Barbara,200,100%,2019
Sycamore Fire,9/7/2019,Riverside,250,100%,2019
Duzel Fire,9/7/2019,Siskiyou,15,100%,2019
Swedes Fire,9/7/2019,Butte,496,100%,2019
Oak Fire,9/7/2019,Lake,53,100%,2019
Rams Horn Fire,9/7/2019,Trinity,280,100%,2019
Kidder 2 Fire,9/7/2019,Siskiyou,227,100%,2019
Lime Fire,9/7/2019,Siskiyou,"1,872",100%,2019
Forbestown Fire,9/6/2019,Butte,58,100%,2019
R-6 Fire,9/6/2019,Lassen,260,100%,2019
Taboose Fire,9/6/2019,Inyo,"10,296",100%,2019
Broder Fire,9/6/2019,Tulare,381,100%,2019
Cow Fire,9/6/2019,Inyo,"1,975",100%,2019
Lone Fire,9/6/2019,Modoc,"5,737",100%,2019
Springs Fire,9/6/2019,Mono,"4,840",100%,2019
South Fire,9/5/2019,Tehama,"5,332",100%,2019
Flood Fire,9/5/2019,San Joaquin,44,100%,2019
Red Bank Fire,9/5/2019,Tehama,"8,838",100%,2019
Henthorne Fire,9/5/2019,Trinity,244,100%,2019
Foster Fire,9/4/2019,San Benito,17,100%,2019
Tenaja,9/4/2019,Riverside,"1,926",100%,2019
Glass Fire,9/4/2019,Lake,28,100%,2019
Walker Fire,9/4/2019,Plumas,"54,612",100%,2019
Deer Fire,9/3/2019,Santa Cruz,10,100%,2019
Country Fire,9/3/2019,El Dorado,85,100%,2019
Telephone Fire,9/2/2019,San Bernardino,15,100%,2019
Antelope Fire,9/2/2019,San Benito,167,100%,2019
Mines Fire,9/2/2019,Alameda,11,100%,2019
Snail Fire,9/1/2019,Ventura,279,100%,2019
Jolon Fire,9/1/2019,Monterey,66,100%,2019
Creek Fire,8/31/2019,Tulare,756,100%,2019
Carroll Fire,8/31/2019,Alameda,19,100%,2019
R-1 Fire,8/28/2019,Lassen,"3,380",100%,2019
Sage Fire,8/27/2019,Riverside,12,100%,2019
Border 10 Fire,8/25/2019,Mexico and San Diego,25,100%,2019
Jamieson Fire,8/25/2019,Santa Clara,35,100%,2019
Ivy Fire,8/25/2019,Riverside,80,100%,2019
Long Valley Fire,8/24/2019,Lassen,"2,438",100%,2019
Horse Fire,8/24/2019,Lassen,131,100%,2019
Yucca Fire,8/22/2019,Riverside,34,100%,2019
Mountain Fire,8/22/2019,Shasta,600,100%,2019
Patterson Fire,8/21/2019,Alameda,139,100%,2019
Gaines Fire,8/16/2019,Mariposa,"1,300",100%,2019
Border 8 Fire,8/15/2019,Mexico,"1,507",100%,2019
Patterson Fire,8/15/2019,El Dorado,35,100%,2019
Border 9 Fire,8/15/2019,San Diego,80,100%,2019
Hunter Fire,8/15/2019,Mariposa,423,100%,2019
Cottage Fire,8/15/2019,Shasta,156,100%,2019
Bayliss Fire,8/15/2019,Santa Clara,60,100%,2019
Greenstone Fire,8/14/2019,El Dorado,16,100%,2019
Spring Fire,8/14/2019,Colusa,20,100%,2019
Timm Fire,8/13/2019,Solano,81,100%,2019
West Fire,8/13/2019,Los Angeles,105,100%,2019
Moose Fire,8/12/2019,Mendocino,225,100%,2019
Lower Fire,8/12/2019,Shasta,46,100%,2019
Radio Fire,8/12/2019,Riverside,20,100%,2019
Heavy Range Fire,8/10/2019,Yolo,33,100%,2019
Ward Fire,8/9/2019,State of Oregon,"1,301",100%,2019
Harte Fire,8/9/2019,Alameda,240,100%,2019
W1 McDonald Fire,8/8/2019,Lassen,"1,020",100%,2019
Preston Fire,8/8/2019,Tuolumne,21,100%,2019
Golf Fire,8/8/2019,Lake,20,100%,2019
3-2 Willow (Previously H-1 Fire),8/7/2019,Lassen,107,100%,2019
R-1 Fire,8/7/2019,Lassen,130,100%,2019
Sellers Fire,8/7/2019,Contra Costa,58,100%,2019
Toro Fire,8/5/2019,Riverside,94,100%,2019
Caliente Fire,8/5/2019,Kern,29,100%,2019
Gilbert Fire,8/4/2019,Shasta,30,100%,2019
La Barisa Fire,8/3/2019,San Bernardino,26,100%,2019
Five Fire,8/3/2019,Los Angeles,156,100%,2019
Marsh Complex,8/2/2019,Contra Costa,757,100%,2019
Meadow Fire (Not a CAL FIRE incident),8/2/2019,Modoc,103,100%,2019
Prairie Fire,8/2/2019,Sacramento,50,100%,2019
Browns Fire,8/2/2019,Sacramento,84,100%,2019
Caliente Fire,8/1/2019,San Diego,448,100%,2019
Mesa Fire,7/31/2019,Kern,448,100%,2019
Carson Fire,7/30/2019,El Dorado,13,100%,2019
Mill Fire,7/30/2019,Monterey,280,100%,2019
Lake Fire,7/29/2019,Monterey,316,100%,2019
Range Fire,7/28/2019,Santa Barbara,100,100%,2019
Dehesa Fire,7/28/2019,San Diego,150,100%,2019
Tucker Fire,7/28/2019,Modoc,"14,217",100%,2019
Star Fire,7/28/2019,San Bernardino,156,100%,2019
Usal Fire,7/27/2019,Mendocino,130,100%,2019
Tree Fire,7/27/2019,Siskiyou,83,100%,2019
Community Fire,7/27/2019,Siskiyou,35,100%,2019
Thompson Fire,7/24/2019,San Luis Obispo,95,100%,2019
Sweigert Fire,7/24/2019,Santa Clara,80,100%,2019
Marshview Fire,7/24/2019,Solano,183,100%,2019
Moms Fire,7/23/2019,Butte,10,100%,2019
Milpas Fire,7/22/2019,San Bernardino,81,100%,2019
Canyon Fire,7/22/2019,Napa,64,100%,2019
Tejon Fire,7/21/2019,Kern,208,100%,2019
Valley Fire,7/21/2019,Mariposa,149,100%,2019
Whiskey Fire,7/18/2019,Calaveras,27,100%,2019
Rains Fire,7/18/2019,Stanislaus,35,100%,2019
Vista Fire,7/17/2019,San Diego,25,100%,2019
Goose 2 Fire,7/17/2019,Modoc,128,100%,2019
Whiskey Fire,7/16/2019,San Joaquin,90,100%,2019
Meadow Fire,7/16/2019,Riverside,81,100%,2019
Madera Fire,7/15/2019,Madera,213,100%,2019
Aborn Fire,7/15/2019,Santa Clara,47,100%,2019
Milton Fire,7/15/2019,Stanislaus,202,100%,2019
Doyle Fire,7/14/2019,Lassen,193,100%,2019
South Fire,7/14/2019,Ventura,131,100%,2019
Jasper Fire,7/13/2019,State of Nevada,"1,165",100%,2019
Orange fire,7/13/2019,Riverside,96,100%,2019
Horse Fire,7/12/2019,Shasta,30,100%,2019
Mid Fire,7/12/2019,Alameda,22,100%,2019
Lincoln Fire,7/12/2019,Riverside,80,100%,2019
Border Fire,7/12/2019,San Diego,100,100%,2019
Gibbel Fire,7/11/2019,Riverside,20,100%,2019
Sargent Fire,7/9/2019,Monterey,190,100%,2019
Gillis Fire,7/8/2019,San Luis Obispo,974,100%,2019
Lake Fire,7/8/2019,Mariposa,244,100%,2019
Far Fire,7/6/2019,Yuba,38,100%,2019
Snowstorm Fire,7/5/2019,Lassen,263,100%,2019
Ranch Fire,7/5/2019,Shasta,30,100%,2019
Fellow Fire,7/5/2019,Contra Costa,24,100%,2019
Bikeway Fire,7/5/2019,Alameda,25,100%,2019
Hollow Fire,7/3/2019,San Joaquin,283,100%,2019
Coyote Fire,7/2/2019,Santa Clara,74,100%,2019
Mayberry Fire,6/29/2019,Butte,12,100%,2019
Merced Fire,6/29/2019,Merced,210,100%,2019
Wolf Fire,6/29/2019,Riverside,214,100%,2019
Otay Fire,6/29/2019,San Diego,28,100%,2019
Long Fire,6/28/2019,Nevada,2,100%,2019
Nuevo Fire,6/27/2019,Riverside,20,100%,2019
Dyer Fire,6/26/2019,Placer,148,100%,2019
Mines Fire,6/26/2019,Santa Clara,17,100%,2019
Trinity Fire,6/26/2019,Shasta,90,100%,2019
Lonoak Fire,6/26/2019,Monterey,"2,546",100%,2019
Rock Fire,6/26/2019,Stanislaus,"2,422",100%,2019
Scott Fire,6/25/2019,Yuba,80,100%,2019
Scott Fire,6/24/2019,Yuba,80,100%,2019
Paskenta Fire,6/21/2019,Tehama,46,100%,2019
Mountain Fire,6/21/2019,Alameda,30,100%,2019
Jerry Fire,6/21/2019,Riverside,525,100%,2019
Weisgarber Fire,6/20/2019,San Diego,120,100%,2019
Lumgrey Fire,6/17/2019,Siskiyou,207,100%,2019
IronGate Fire,6/16/2019,Siskiyou,10,100%,2019
32 Fire,6/15/2019,Butte,17,100%,2019
Rocky Fire,6/14/2019,Siskiyou,17,100%,2019
Ardo Fire,6/12/2019,Monterey,43,100%,2019
McMillan Fire,6/12/2019,San Luis Obispo,"1,764",100%,2019
Springs Fire,6/10/2019,Tulare,47,100%,2019
Calaveras Fire,6/10/2019,Santa Clara,35,100%,2019
Pauma Fire,6/10/2019,San Diego,15,100%,2019
Bitter Fire,6/10/2019,San Luis Obispo,120,100%,2019
Malech Fire,6/9/2019,Santa Clara,210,100%,2019
Sand Fire,6/8/2019,Yolo,"2,512",100%,2019
West Butte Fire,6/8/2019,Sutter,"1,350",100%,2019
Ink Fire,6/8/2019,Napa,50,100%,2019
Levee Fire,6/8/2019,Yuba,70,100%,2019
Stuhr Fire,6/7/2019,Stanislaus,600,100%,2019
Watt Fire,6/7/2019,Placer,27,100%,2019
Nelson Fire,6/7/2019,Solano,24,100%,2019
Willow Fire,6/6/2019,Contra Costa,23,100%,2019
Boulder Fire,6/5/2019,San Luis Obispo,"1,127",100%,2019
Yokohl Fire,6/3/2019,Tulare,33,100%,2019
Bear Fire,6/3/2019,Tulare,25,100%,2019
Citrus Fire,6/2/2019,Tulare,257,100%,2019
Spruce Fire,6/1/2019,Tulare,155,100%,2019
Canyon Fire,5/30/2019,Santa Clara,144,100%,2019
Diversion Fire,5/30/2019,Riverside,45,100%,2019
66 Fire,5/29/2019,Riverside,55,100%,2019
Hill Fire,5/29/2019,Fresno,121,100%,2019
Belmont Fire,5/29/2019,San Luis Obispo,835,100%,2019
Foothill Fire,5/20/2019,Riverside,26,100%,2019
Paskenta Fire,5/20/2019,Tehama,63,100%,2019
Shady Fire,5/18/2019,Riverside,130,100%,2019
Border Fire,5/13/2019,San Diego,22,100%,2019
Sugar Fire,5/10/2019,Placer,65,100%,2019
Refuge Fire,5/7/2019,Kern,"2,500",100%,2019
Vulcan Fire,5/3/2019,Kern,172,100%,2019
Meridian Fire,5/1/2019,Butte,50,100%,2019
Woody Fire,4/30/2019,Kern,115,100%,2019
Cana Fire,4/30/2019,Butte,10,100%,2019
York Fire,4/28/2019,Kings,161,100%,2019
Girasol Fire,4/9/2019,Riverside,30,100%,2019
Pilot Fire,1/1/2019,Humboldt,30,100%,2019
Bullfrog Fire,9/12/2020,Fresno,,,2020
Shackleford Fire,9/11/2020,Siskiyou,50,10%,2020
Schoolhouse Fire,9/9/2020,Siskiyou,45,60%,2020
Willow Fire,9/8/2020,Yuba,"1,311",40%,2020
Sperry Fire,9/8/2020,Stanislaus,45,,2020
Fork Fire,9/8/2020,El Dorado,,,2020
Slater Fire (includes Devil Fire),9/7/2020,Siskiyou,,,2020
Oak Fire,9/7/2020,Mendocino,"1,100",50%,2020
Bobcat Fire,9/6/2020,Los Angeles,"29,245",6%,2020
Valley Fire,9/5/2020,San Diego,"17,665",69%,2020
El Dorado Fire,9/5/2020,San Bernardino and Riverside,"14,043",39%,2020
Creek Fire,9/4/2020,Fresno and Madera,"196,667",6%,2020
Rattlesnake Fire,9/3/2020,Tulare,,,2020
Catholic Fire,9/1/2020,Lake,13,100%,2020
Slink Fire,9/1/2020,Mono,,,2020
Hobo Fire,9/1/2020,Trinity,,,2020
Hensley Fire,8/30/2020,Madera,688,100%,2020
Johnson Fire,8/28/2020,Los Angeles,290,100%,2020
Perry Fire,8/26/2020,Placer,9,100%,2020
R-8 Pinecone Fire,8/26/2020,Lassen,,,2020
Placer Fire,8/25/2020,San Luis Obispo,53,100%,2020
W-5 Cold Springs,8/23/2020,Lassen,,,2020
Hull Fire,8/23/2020,Mendocino,,,2020
Sheep Fire,8/22/2020,Plumas,"29,570",95%,2020
Moraine Fire,8/21/2020,Tulare,,,2020
SQF Complex Fire (Includes Castle Fire and Shotgun Fire),8/21/2020,Tulare,,,2020
Coyote Fire,8/21/2020,Santa Clara,143,100%,2020
Volcano Fire,8/20/2020,San Diego,45,100%,2020
Moc Fire,8/20/2020,Tuolumne,"2,857",100%,2020
Flint Fire,8/19/2020,Calaveras,55,100%,2020
Dolan Fire,8/19/2020,Monterey,,,2020
Butte/Tehama/Glenn Lightning Complex (Tehama/Glenn Zone),8/19/2020,Tehama and Glenn,"19,609",95%,2020
North Complex Fire,8/18/2020,"Plumas, Butte and Yuba","252,313",21%,2020
Creek Fire,8/18/2020,Mendocino,820,100%,2020
Salt Fire,8/18/2020,Calaveras,"1,789",100%,2020
3-19 Fire,8/18/2020,Mendocino,62,100%,2020
Woodward Fire,8/18/2020,Marin,,,2020
Carmel Fire,8/18/2020,Monterey,"6,905",100%,2020
Bell Fire,8/18/2020,Tuolumne,,,2020
Blue Jay Fire,8/18/2020,Mariposa,,,2020
SHF Elkhorn Lightning Fires 2020,8/18/2020,"Trinity, Tehama and Humboldt",,,2020
Red Salmon Complex,8/18/2020,Humboldt,,,2020
SCU Lightning Complex,8/18/2020,"Santa Clara, Alameda, Contra Costa, San Joaquin and Stanislaus","396,624",98%,2020
Murphy Fire,8/17/2020,El Dorado,14,100%,2020
Holser Fire,8/17/2020,Ventura,"3,000",100%,2020
4-8 Fire,8/17/2020,Glenn,275,100%,2020
Beach Fire,8/17/2020,Mono,,,2020
Jones Fire,8/16/2020,Nevada,705,100%,2020
"LNU Lightning Complex (includes Hennessey, Gamble, 15-10, Spanish, Markley, 13-4, 11-16, Walbridge)",8/16/2020,"Napa, Sonoma, Lake, Yolo and Solano","363,220",95%,2020
August Complex (includes Doe Fire),8/16/2020,Mendocino and Humboldt,"846,812",25%,2020
River Fire,8/16/2020,Monterey,"48,088",100%,2020
CZU Lightning Complex (Including Warnella Fire),8/16/2020,Santa Cruz and San Mateo,"86,509",86%,2020
Elk Fire,8/16/2020,Glenn,727,100%,2020
3-2 Fire,8/16/2020,San Luis Obispo,20,100%,2020
Hills Fire,8/15/2020,Fresno,"2,121",100%,2020
Whale Fire,8/15/2020,San Luis Obispo,312,100%,2020
Loyalton Fire,8/14/2020,Sierra,"47,029",100%,2020
Clark Fire,8/14/2020,Butte,110,100%,2020
Feather Fire,8/13/2020,Sierra,,,2020
Meiss Fire,8/13/2020,Sacramento,512,100%,2020
Ranch 2 Fire,8/13/2020,Los Angeles,"4,237",100%,2020
Lake Fire,8/12/2020,Los Angeles,"31,089",96%,2020
Carrizo Fire,8/12/2020,San Luis Obispo,183,100%,2020
Soda Fire,8/12/2020,Kern,424,100%,2020
R-1 Fire,8/11/2020,Lassen,285,100%,2020
Duluth Fire,8/10/2020,Placer,65,100%,2020
Mina Fire,8/10/2020,Mendocino,177,100%,2020
Texas Fire,8/6/2020,Los Angeles,,,2020
Fort Fire,8/6/2020,Kern,277,100%,2020
Pass Fire,8/4/2020,San Luis Obispo,280,100%,2020
Trimmer Fire,8/4/2020,Fresno,,,2020
166 Fire,8/3/2020,San Luis Obispo,,,2020
Stagecoach Fire,8/3/2020,Kern,"7,760",100%,2020
Elsmere Fire,8/3/2020,Los Angeles,200,100%,2020
Beale Fire,8/2/2020,Yuba,600,100%,2020
Post Fire,8/2/2020,Los Angeles,120,100%,2020
Sites Fire,8/2/2020,Colusa,560,100%,2020
North Fire,8/2/2020,Lassen,"6,882",100%,2020
Water Fire,8/2/2020,Riverside,52,100%,2020
Sophia Fire,8/2/2020,El Dorado,36,100%,2020
Pond Fire,8/1/2020,San Luis Obispo,"1,962",99%,2020
Castaic Fire,8/1/2020,Los Angeles,,,2020
Stump Fire,8/1/2020,Tehama,,,2020
Apple Fire,7/31/2020,Riverside,,,2020
Cowhead Fire,7/31/2020,Modoc,,,2020
Sheep Fire,7/30/2020,Kern,233,100%,2020
Dam Fire,7/30/2020,Los Angeles,,,2020
Rabbit Fire,7/30/2020,Riverside,104,100%,2020
Clay Fire,7/29/2020,Sacramento,730,100%,2020
Brook Fire,7/29/2020,San Bernardino,185,100%,2020
Branch Fire,7/28/2020,San Luis Obispo,"3,022",100%,2020
Border 11 Fire,7/28/2020,San Diego,100,100%,2020
Lincoln Fire,7/27/2020,Humboldt,25,100%,2020
Ridge Fire,7/27/2020,Los Angeles,321,100%,2020
Adams Fire,7/27/2020,Lassen,,,2020
Cottonwood Fire,7/27/2020,Merced,788,100%,2020
Ione Fire,7/26/2020,Sacramento,51,100%,2020
Karen Fire,7/25/2020,Riverside,250,100%,2020
Hill Fire,7/24/2020,Colusa,138,100%,2020
Jack Fire,7/24/2020,Riverside,145,100%,2020
July Complex,7/24/2020,Siskiyou and Modoc,,,2020
Iris Fire,7/21/2020,Mono,120,100%,2020
Rabbit Fire,7/20/2020,Madera,135,100%,2020
Easton Fire,7/20/2020,San Bernardino,71,100%,2020
Holland Fire,7/20/2020,Contra Costa,75,100%,2020
Feather Fire,7/20/2020,Butte,30,100%,2020
Milepost 21 Fire,7/20/2020,Humboldt,100,100%,2020
Gold Fire,7/20/2020,Lassen,"22,634",100%,2020
Platina Fire,7/19/2020,Shasta,340,100%,2020
Hog Fire,7/18/2020,Lassen,"9,564",100%,2020
Badger Fire,7/18/2020,Siskiyou,557,100%,2020
Pitzer Fire,7/17/2020,San Bernardino,119,100%,2020
Hollow Fire,7/16/2020,Alameda,253,100%,2020
Valley Fire,7/15/2020,Yuba,500,100%,2020
Ben Fire,7/15/2020,Mariposa,48,100%,2020
Coyote Fire,7/15/2020,San Benito,"1,508",100%,2020
Mineral Fire,7/13/2020,Fresno,"29,667",100%,2020
Casino Fire,7/13/2020,Riverside,91,100%,2020
Robinson Fire,7/13/2020,Butte,33,100%,2020
Elliot Fire,7/13/2020,Riverside,2,100%,2020
Power Fire,7/11/2020,Madera,108,100%,2020
Alum Fire,7/11/2020,Santa Clara,31,100%,2020
Tripp Fire,7/9/2020,Riverside,10,100%,2020
Nail Fire,7/7/2020,Colusa,25,100%,2020
Brandon Fire,7/7/2020,El Dorado,32,100%,2020
Mountain Meadow Fire,7/6/2020,Solano,75,100%,2020
Patterson Fire,7/6/2020,San Joaquin,150,100%,2020
California Fire,7/6/2020,Contra Costa,298,100%,2020
Soledad Fire,7/5/2020,Los Angeles,"1,525",100%,2020
Crews Fire,7/5/2020,Santa Clara,"5,513",100%,2020
Kings Fire,7/5/2020,Fresno,67,100%,2020
Cotton Fire,7/5/2020,Merced,100,100%,2020
Park Fire,7/5/2020,Santa Clara,343,100%,2020
Lake Fire,7/5/2020,San Luis Obispo,588,100%,2020
Sheridan Fire,7/4/2020,Alameda,108,100%,2020
Mount R Fire,7/3/2020,San Bernardino,62,100%,2020
Soda Fire,7/3/2020,San Luis Obispo,157,100%,2020
Bonadelle Fire,7/2/2020,Madera,597,100%,2020
Rowher Fire,7/1/2020,Los Angeles,648,100%,2020
Bena Fire,7/1/2020,Kern,"2,900",100%,2020
Flat Fire,6/30/2020,Trinity,62,100%,2020
Avacado Fire,6/30/2020,Butte,136,100%,2020
Muck Fire,6/29/2020,Lassen,12,100%,2020
Gage Fire,6/28/2020,San Luis Obispo,33,100%,2020
Pass Fire,6/28/2020,Merced,"2,192",100%,2020
Poeville Fire,6/27/2020,State of Nevada,"2,975",100%,2020
Indian Fire,6/26/2020,Riverside,59,100%,2020
Aurora Fire,6/26/2020,Mono,280,100%,2020
Bend Fire,6/25/2020,San Luis Obispo,263,100%,2020
Diablo Fire,6/24/2020,Stanislaus,202,100%,2020
58 Fire,6/24/2020,Riverside,12,100%,2020
R-3 Fire,6/24/2020,Lassen,210,100%,2020
R-2 Fire,6/23/2020,Lassen,563,100%,2020
Sycamore Fire,6/23/2020,Fresno,19,100%,2020
Rico Fire,6/22/2020,Monterey,338,100%,2020
River Fire,6/22/2020,San Luis Obispo,15,100%,2020
Grade Fire,6/22/2020,Tulare,"1,050",100%,2020
Stage Fire,6/21/2020,Monterey,52,100%,2020
Hunter Fire,6/21/2020,Monterey,195,100%,2020
Quarter Fire,6/21/2020,Tuolumne,10,100%,2020
East Fire,6/20/2020,Modoc,11,100%,2020
Honcut Fire,6/20/2020,Butte,89,100%,2020
Springs Fire,6/19/2020,Tulare,217,100%,2020
Teddy Fire,6/18/2020,Butte,13,100%,2020
Fork Fire,6/18/2020,Tulare,130,100%,2020
Nelson Fire,6/18/2020,Placer,110,100%,2020
Baker Fire,6/17/2020,Kern,165,100%,2020
Ridge Fire,6/17/2020,Monterey,83,100%,2020
Gyle Fire,6/17/2020,Tehama,68,100%,2020
Liberty Fire,6/17/2020,San Joaquin,89,100%,2020
Nelson Fire,6/17/2020,Butte,95,100%,2020
Walker Fire,6/16/2020,Calaveras,"1,455",100%,2020
Riata Fire,6/16/2020,San Luis Obispo,18,100%,2020
Bitter Fire,6/16/2020,San Benito,895,100%,2020
Avila Fire,6/15/2020,San Luis Obispo,445,100%,2020
Drum Fire,6/14/2020,Santa Barbara,696,100%,2020
Hopland Fire,6/13/2020,Mendocino,34,100%,2020
Dawson Fire,6/13/2020,Riverside,10,100%,2020
Cornetts Fire,6/13/2020,Mariposa,191,100%,2020
Hog Fire,6/12/2020,Fresno,533,100%,2020
Grant Fire,6/12/2020,Sacramento,"5,042",100%,2020
Watt Fire,6/11/2020,Placer,40,100%,2020
Border 7 Fire,6/11/2020,San Diego,90,100%,2020
Skyline Fire,6/11/2020,San Diego,100,100%,2020
Lime Fire,6/10/2020,Ventura,803,100%,2020
Soda Fire,6/10/2020,San Luis Obispo,"1,672",100%,2020
Elizabeth Fire,6/10/2020,Ventura,289,100%,2020
India Fire,6/9/2020,San Diego,"1,100",100%,2020
Vineyard Fire,6/9/2020,Mendocino,151,100%,2020
Cronan Fire,6/9/2020,El Dorado,29,100%,2020
Oak Fire,6/8/2020,Riverside,20,100%,2020
Sierra Fire,6/8/2020,Riverside,100,100%,2020
Bradley Fire,6/8/2020,Monterey,230,100%,2020
Grand Fire,6/8/2020,Riverside,27,100%,2020
Sperry Fire,6/8/2020,Stanislaus,80,100%,2020
Hunters Fire,6/7/2020,Mariposa,85,100%,2020
Bitterwater Fire,6/7/2020,Monterey,211,100%,2020
Willow Fire,6/6/2020,Contra Costa,100,100%,2020
Quail Fire,6/6/2020,Solano,"1,837",100%,2020
Gulch Fire,6/6/2020,Sonoma,107,100%,2020
McGary Fire,6/5/2020,Solano,79,100%,2020
Lakeville Fire,6/5/2020,Sonoma,141,100%,2020
Karchner Fire,6/5/2020,Placer,39,100%,2020
Colleen Fire,6/4/2020,Santa Clara,126,100%,2020
Brock Fire,6/4/2020,Shasta,15,100%,2020
Silver Fire,6/4/2020,Santa Clara,19,100%,2020
Wildlife Fire,6/3/2020,Solano,300,100%,2020
Smoketree Fire,6/2/2020,Riverside,129,100%,2020
Horn Fire,6/2/2020,Lassen,37,100%,2020
Nash Fire,6/1/2020,Mendocino,10,100%,2020
Amoruso Fire,6/1/2020,Placer,650,100%,2020
Acres Fire,6/1/2020,Madera,237,100%,2020
Scorpion Fire,5/31/2020,Santa Barbara,"1,395",100%,2020
Creek Fire,5/30/2020,Contra Costa,60,50%,2020
Harley Fire,5/28/2020,Riverside,60,100%,2020
Range Fire,5/27/2020,San Luis Obispo,"5,000",100%,2020
Spanish Fire,5/22/2020,Napa,20,100%,2020
Acres Fire,5/21/2020,Madera,152,100%,2020
Gilman Fire,5/18/2020,Riverside,20,100%,2020
Candy Fire,5/8/2020,Butte,17,100%,2020
Hollister Fire,5/7/2020,Santa Barbara,156,100%,2020
Interstate 5 Fire,5/3/2020,Kings,"2,060",100%,2020
Byron Fire,4/27/2020,Contra Costa,47,100%,2020
Bar Fire,4/25/2020,Trinity,55,100%,2020
Red Fire,4/23/2020,Tehama,26,100%,2020
Carter Fire,4/4/2020,Imperial,275,100%,2020
South Main Fire,3/6/2020,Riverside,20,100%,2020
Baker Fire,3/3/2020,Yuba,,,2020
Mann Fire,3/3/2020,Riverside,180,100%,2020
Grizzly Fire,3/2/2020,Glenn,154,100%,2020
Baseball Fire,2/25/2020,Glenn and Mendocino,211,100%,2020
Wood Fire,2/23/2020,Lassen,57,100%,2020
Beegum Fire,2/23/2020,Tehama,75,100%,2020
Antelope Fire,2/17/2020,Sierra,102,100%,2020
Bear Fire,2/15/2020,Humboldt,15,100%,2020
